datetime,symbol,oi,oi_value,retrieved_at
2026-09-28 11:00,BTCUSDT,96341.633,7989656535.948238,2026-10-02T14:19:40.149172
2026-09-28 11:00,ETHUSDT,2288790.39,6077425122.567,2026-10-02T14:19:40.149172
2026-09-28 12:00,BTCUSDT,96244.199,7993504201.4256,2026-10-02T14:19:40.149172
2026-09-28 12:00,ETHUSDT,2279420.512,6081174807.14432,2026-10-02T14:19:40.149172
2026-09-28 13:00,BTCUSDT,95252.548,7956483435.4592,2026-10-02T14:19:40.149172
2026-09-28 13:00,ETHUSDT,2273030.309,6113087713.0246,2026-10-02T14:19:40.149172
2026-09-28 14:00,BTCUSDT,95190.571,7958797969.7961,2026-10-02T14:19:40.149172
2026-09-28 14:00,ETHUSDT,2272106.932,6111081525.37652,2026-10-02T14:19:40.149172
2026-09-28 15:00,BTCUSDT,95100.669,7892204808.9051,2026-10-02T14:19:40.149172
2026-09-28 15:00,ETHUSDT,2256983.459,6018562371.10776,2026-10-02T14:19:40.149172
2026-09-28 16:00,BTCUSDT,94892.447,7910292897.553359,2026-10-02T14:19:40.149172
2026-09-28 16:00,ETHUSDT,2265870.034,6066640429.0316,2026-10-02T14:19:40.149172
2026-09-28 17:00,BTCUSDT,94067.876,7870790879.9464,2026-10-02T14:19:40.149172
2026-09-28 17:00,ETHUSDT,2272568.386,6104277764.58302,2026-10-02T14:19:40.149172
2026-09-28 18:00,BTCUSDT,93253.927,7818026068.754568,2026-10-02T14:19:40.149172
2026-09-28 18:00,ETHUSDT,2270952.97,6119196325.3135,2026-10-02T14:19:40.149172
2026-09-28 19:00,BTCUSDT,93118.543,7822418980.874651,2026-10-02T14:19:40.149172
2026-09-28 19:00,ETHUSDT,2261091.36,6101651362.5393915,2026-10-02T14:19:40.149172
2026-09-28 20:00,BTCUSDT,92905.981,7744086102.995505,2026-10-02T14:19:40.149172
2026-09-28 20:00,ETHUSDT,2248128.16,6007717844.5312,2026-10-02T14:19:40.149172
2026-09-28 21:00,BTCUSDT,93015.012,7767009014.237964,2026-10-02T14:19:40.149172
2026-09-28 21:00,ETHUSDT,2250800.364,6036556544.23344,2026-10-02T14:19:40.149172
2026-09-28 22:00,BTCUSDT,92718.998,7711995377.648,2026-10-02T14:19:40.149172
2026-09-28 22:00,ETHUSDT,2249856.562,6015036515.63824,2026-10-02T14:19:40.149172
2026-09-28 23:00,BTCUSDT,92716.085,7743118937.5155,2026-10-02T14:19:40.149172
2026-09-28 23:00,ETHUSDT,2248087.826,6039510425.42726,2026-10-02T14:19:40.149172
2026-09-29 00:00,BTCUSDT,92799.765,7745170466.6415,2026-10-02T14:19:40.149172
2026-09-29 00:00,ETHUSDT,2254622.486,6059388116.02444,2026-10-02T14:19:40.149172
2026-09-29 01:00,BTCUSDT,92837.852,7719354278.950518,2026-10-02T14:19:40.149172
2026-09-29 01:00,ETHUSDT,2257425.811,6041114484.743168,2026-10-02T14:19:40.149172
2026-09-29 02:00,BTCUSDT,93041.492,7725229124.08179,2026-10-02T14:19:40.149172
2026-09-29 02:00,ETHUSDT,2253478.717,6004289595.322002,2026-10-02T14:19:40.149172
2026-09-29 03:00,BTCUSDT,93043.92,7717301016.347445,2026-10-02T14:19:40.149172
2026-09-29 03:00,ETHUSDT,2257199.893,5996462205.25286,2026-10-02T14:19:40.149172
2026-09-29 04:00,BTCUSDT,92977.008,7720748378.981224,2026-10-02T14:19:40.149172
2026-09-29 04:00,ETHUSDT,2265731.435,6036343195.864511,2026-10-02T14:19:40.149172
2026-09-29 05:00,BTCUSDT,92957.178,7730858074.1124,2026-10-02T14:19:40.149172
2026-09-29 05:00,ETHUSDT,2264643.98,6039647074.909991,2026-10-02T14:19:40.149172
2026-09-29 06:00,BTCUSDT,92939.44,7751019180.784,2026-10-02T14:19:40.149172
2026-09-29 06:00,ETHUSDT,2264882.933,6059218661.82557,2026-10-02T14:19:40.149172
2026-09-29 07:00,BTCUSDT,92955.195,7804973652.6555,2026-10-02T14:19:40.149172
2026-09-29 07:00,ETHUSDT,2292061.461,6201635741.115609,2026-10-02T14:19:40.149172
2026-09-29 08:00,BTCUSDT,92770.696,7787812340.0424,2026-10-02T14:19:40.149172
2026-09-29 08:00,ETHUSDT,2325740.942,6306223306.82358,2026-10-02T14:19:40.149172
2026-09-29 09:00,BTCUSDT,93039.683,7800716837.8007,2026-10-02T14:19:40.149172
2026-09-29 09:00,ETHUSDT,2329252.741,6307394872.772097,2026-10-02T14:19:40.149172
2026-09-29 10:00,BTCUSDT,93533.893,7876872618.4913,2026-10-02T14:19:40.149172
2026-09-29 10:00,ETHUSDT,2321361.785,6306327493.22025,2026-10-02T14:19:40.149172
2026-09-29 11:00,BTCUSDT,93332.197,7839027383.60694,2026-10-02T14:19:40.149172
2026-09-29 11:00,ETHUSDT,2324920.894,6310719352.975597,2026-10-02T14:19:40.149172
2026-09-29 12:00,BTCUSDT,93171.78,7855561303.472041,2026-10-02T14:19:40.149172
2026-09-29 12:00,ETHUSDT,2319574.447,6335065904.601522,2026-10-02T14:19:40.149172
2026-09-29 13:00,BTCUSDT,93117.601,7848985461.600437,2026-10-02T14:19:40.149172
2026-09-29 13:00,ETHUSDT,2332853.934,6382291778.25522,2026-10-02T14:19:40.149172
2026-09-29 14:00,BTCUSDT,93142.83,7840204572.42,2026-10-02T14:19:40.149172
2026-09-29 14:00,ETHUSDT,2336610.157,6370884423.56835,2026-10-02T14:19:40.149172
2026-09-29 15:00,BTCUSDT,93051.883,7789205015.217659,2026-10-02T14:19:40.149172
2026-09-29 15:00,ETHUSDT,2326420.504,6303971432.30392,2026-10-02T14:19:40.149172
2026-09-29 16:00,BTCUSDT,93116.388,7731556123.6668,2026-10-02T14:19:40.149172
2026-09-29 16:00,ETHUSDT,2279583.266,6092763490.068075,2026-10-02T14:19:40.149172
2026-09-29 17:00,BTCUSDT,93392.624,7753969579.748982,2026-10-02T14:19:40.149172
2026-09-29 17:00,ETHUSDT,2283447.197,6107304219.946036,2026-10-02T14:19:40.149172
2026-09-29 18:00,BTCUSDT,93306.342,7748401236.1692,2026-10-02T14:19:40.149172
2026-09-29 18:00,ETHUSDT,2287202.948,6112298286.20572,2026-10-02T14:19:40.149172
2026-09-29 19:00,BTCUSDT,93141.785,7787957210.99,2026-10-02T14:19:40.149172
2026-09-29 19:00,ETHUSDT,2280121.617,6144631342.00479,2026-10-02T14:19:40.149172
2026-09-29 20:00,BTCUSDT,92548.14,7732024239.992006,2026-10-02T14:19:40.149172
2026-09-29 20:00,ETHUSDT,2275277.689,6116993055.76894,2026-10-02T14:19:40.149172
2026-09-29 21:00,BTCUSDT,92581.406,7737981687.9018,2026-10-02T14:19:40.149172
2026-09-29 21:00,ETHUSDT,2274346.882,6113831057.78594,2026-10-02T14:19:40.149172
2026-09-29 22:00,BTCUSDT,92695.527,7737336224.599653,2026-10-02T14:19:40.149172
2026-09-29 22:00,ETHUSDT,2264271.161,6064352165.08308,2026-10-02T14:19:40.149172
2026-09-29 23:00,BTCUSDT,92755.575,7752047180.625,2026-10-02T14:19:40.149172
2026-09-29 23:00,ETHUSDT,2255861.917,6047221365.04439,2026-10-02T14:19:40.149172
2026-09-30 00:00,BTCUSDT,92473.81,7733076124.345,2026-10-02T14:19:40.149172
2026-09-30 00:00,ETHUSDT,2257043.327,6041969563.77938,2026-10-02T14:19:40.149172
2026-09-30 01:00,BTCUSDT,92688.149,7731798746.693576,2026-10-02T14:19:40.149172
2026-09-30 01:00,ETHUSDT,2267098.491,6056394921.81213,2026-10-02T14:19:40.149172
2026-09-30 02:00,BTCUSDT,92815.344,7742041277.812379,2026-10-02T14:19:40.149172
2026-09-30 02:00,ETHUSDT,2272471.444,6069850180.262918,2026-10-02T14:19:40.149172
2026-09-30 03:00,BTCUSDT,92996.287,7751128925.9056,2026-10-02T14:19:40.149172
2026-09-30 03:00,ETHUSDT,2269959.269,6068486410.15191,2026-10-02T14:19:40.149172
2026-09-30 04:00,BTCUSDT,92897.624,7735675698.736094,2026-10-02T14:19:40.149172
2026-09-30 04:00,ETHUSDT,2271022.886,6065823135.630507,2026-10-02T14:19:40.149172
2026-09-30 05:00,BTCUSDT,93050.769,7739123473.518694,2026-10-02T14:19:40.149172
2026-09-30 05:00,ETHUSDT,2272638.927,6064971966.835308,2026-10-02T14:19:40.149172
2026-09-30 06:00,BTCUSDT,92920.092,7744638783.9516,2026-10-02T14:19:40.149172
2026-09-30 06:00,ETHUSDT,2277024.256,6088853941.51424,2026-10-02T14:19:40.149172
2026-09-30 07:00,BTCUSDT,93218.752,7737529291.008,2026-10-02T14:19:40.149172
2026-09-30 07:00,ETHUSDT,2291177.682,6096273929.15832,2026-10-02T14:19:40.149172
2026-09-30 08:00,BTCUSDT,93361.323,7773228123.4581585,2026-10-02T14:19:40.149172
2026-09-30 08:00,ETHUSDT,2288919.098,6119516765.26692,2026-10-02T14:19:40.149172
2026-09-30 09:00,BTCUSDT,93935.451,7798885375.370128,2026-10-02T14:19:40.149172
2026-09-30 09:00,ETHUSDT,2288392.258,6110350587.6987,2026-10-02T14:19:40.149172
2026-09-30 10:00,BTCUSDT,93554.333,7820739955.1681,2026-10-02T14:19:40.149172
2026-09-30 10:00,ETHUSDT,2277432.58,6120417864.1436,2026-10-02T14:19:40.149172
2026-09-30 11:00,BTCUSDT,94369.844,7915820866.308782,2026-10-02T14:19:40.149172
2026-09-30 11:00,ETHUSDT,2273382.994,6125035097.718828,2026-10-02T14:19:40.149172
2026-09-30 12:00,BTCUSDT,93886.43,7875796413.558534,2026-10-02T14:19:40.149172
2026-09-30 12:00,ETHUSDT,2271527.699,6125173753.6025305,2026-10-02T14:19:40.149172
2026-09-30 13:00,BTCUSDT,96209.484,8203046907.278159,2026-10-02T14:19:40.149172
2026-09-30 13:00,ETHUSDT,2305283.624,6293847000.330228,2026-10-02T14:19:40.149172
2026-09-30 14:00,BTCUSDT,93441.576,7904064063.1608,2026-10-02T14:19:40.149172
2026-09-30 14:00,ETHUSDT,2310709.985,6259228100.26815,2026-10-02T14:19:40.149172
2026-09-30 15:00,BTCUSDT,93521.778,7833608577.5472,2026-10-02T14:19:40.149172
2026-09-30 15:00,ETHUSDT,2303110.228,6164691459.612716,2026-10-02T14:19:40.149172
2026-09-30 16:00,BTCUSDT,94891.695,7980856518.8055,2026-10-02T14:19:40.149172
2026-09-30 16:00,ETHUSDT,2320897.895,6225551901.238138,2026-10-02T14:19:40.149172
2026-09-30 17:00,BTCUSDT,94519.762,7969745648.2446,2026-10-02T14:19:40.149172
2026-09-30 17:00,ETHUSDT,2314519.481,6237028226.22994,2026-10-02T14:19:40.149172
2026-09-30 18:00,BTCUSDT,94869.019,7970714725.2439,2026-10-02T14:19:40.149172
2026-09-30 18:00,ETHUSDT,2309897.948,6194661217.96692,2026-10-02T14:19:40.149172
2026-09-30 19:00,BTCUSDT,94843.526,7958699640.764,2026-10-02T14:19:40.149172
2026-09-30 19:00,ETHUSDT,2309251.903,6184199688.75303,2026-10-02T14:19:40.149172
2026-09-30 20:00,BTCUSDT,95618.302,7991161554.930586,2026-10-02T14:19:40.149172
2026-09-30 20:00,ETHUSDT,2292992.969,6118874667.70619,2026-10-02T14:19:40.149172
2026-09-30 21:00,BTCUSDT,95484.62,7986162176.097399,2026-10-02T14:19:40.149172
2026-09-30 21:00,ETHUSDT,2292515.13,6146980171.6066675,2026-10-02T14:19:40.149172
2026-09-30 22:00,BTCUSDT,95389.732,7986018824.0668,2026-10-02T14:19:40.149172
2026-09-30 22:00,ETHUSDT,2286839.126,6135584730.464867,2026-10-02T14:19:40.149172
2026-09-30 23:00,BTCUSDT,95424.913,7982303595.153573,2026-10-02T14:19:40.149172
2026-09-30 23:00,ETHUSDT,2285933.429,6139308550.93101,2026-10-02T14:19:40.149172
2026-10-01 00:00,BTCUSDT,95419.199,7975450876.830795,2026-10-02T14:19:40.149172
2026-10-01 00:00,ETHUSDT,2284145.959,6132330886.22516,2026-10-02T14:19:40.149172
2026-10-01 01:00,BTCUSDT,95588.283,7978622205.249527,2026-10-02T14:19:40.149172
2026-10-01 01:00,ETHUSDT,2286485.942,6136206660.452811,2026-10-02T14:19:40.149172
2026-10-01 02:00,BTCUSDT,95582.599,7978584166.50691,2026-10-02T14:19:40.149172
2026-10-01 02:00,ETHUSDT,2288581.797,6152623303.0548,2026-10-02T14:19:40.149172
2026-10-01 03:00,BTCUSDT,95640.573,7981808352.4599,2026-10-02T14:19:40.149172
2026-10-01 03:00,ETHUSDT,2291436.324,6154709488.408083,2026-10-02T14:19:40.149172
2026-10-01 04:00,BTCUSDT,95730.667,8014475710.573,2026-10-02T14:19:40.149172
2026-10-01 04:00,ETHUSDT,2294293.64,6183304903.2912,2026-10-02T14:19:40.149172
2026-10-01 05:00,BTCUSDT,95740.333,8048889795.31,2026-10-02T14:19:40.149172
2026-10-01 05:00,ETHUSDT,2303396.225,6233235380.479827,2026-10-02T14:19:40.149172
2026-10-01 06:00,BTCUSDT,95870.729,8078067625.54,2026-10-02T14:19:40.149172
2026-10-01 06:00,ETHUSDT,2309330.892,6274428940.25508,2026-10-02T14:19:40.149172
2026-10-01 07:00,BTCUSDT,95774.575,8053043784.395204,2026-10-02T14:19:40.149172
2026-10-01 07:00,ETHUSDT,2312597.338,6277058233.052865,2026-10-02T14:19:40.149172
2026-10-01 08:00,BTCUSDT,96159.977,8017972738.2232,2026-10-02T14:19:40.149172
2026-10-01 08:00,ETHUSDT,2300549.845,6156276218.169104,2026-10-02T14:19:40.149172
2026-10-01 09:00,BTCUSDT,96148.266,8030793532.4766,2026-10-02T14:19:40.149172
2026-10-01 09:00,ETHUSDT,2308404.748,6199890388.13092,2026-10-02T14:19:40.149172
2026-10-01 10:00,BTCUSDT,95654.084,8010455610.496,2026-10-02T14:19:40.149172
2026-10-01 10:00,ETHUSDT,2300851.521,6189888812.88546,2026-10-02T14:19:40.149172
2026-10-01 11:00,BTCUSDT,95453.11,8011614080.333505,2026-10-02T14:19:40.149172
2026-10-01 11:00,ETHUSDT,2300391.103,6213126330.0927,2026-10-02T14:19:40.149172
2026-10-01 12:00,BTCUSDT,95344.476,7997323026.8232,2026-10-02T14:19:40.149172
2026-10-01 12:00,ETHUSDT,2304202.435,6234342276.2334,2026-10-02T14:19:40.149172
2026-10-01 13:00,BTCUSDT,95676.733,8009011178.27973,2026-10-02T14:19:40.149172
2026-10-01 13:00,ETHUSDT,2298883.325,6188448029.833247,2026-10-02T14:19:40.149172
2026-10-01 14:00,BTCUSDT,96454.036,8094596318.3848,2026-10-02T14:19:40.149172
2026-10-01 14:00,ETHUSDT,2286137.963,6166239897.94249,2026-10-02T14:19:40.149172
2026-10-01 15:00,BTCUSDT,96705.399,8124404310.2481,2026-10-02T14:19:40.149172
2026-10-01 15:00,ETHUSDT,2294078.129,6167606109.03521,2026-10-02T14:19:40.149172
2026-10-01 16:00,BTCUSDT,97239.703,8180428404.588314,2026-10-02T14:19:40.149172
2026-10-01 16:00,ETHUSDT,2300953.182,6169200623.9193,2026-10-02T14:19:40.149172
2026-10-01 17:00,BTCUSDT,98166.93,8262268746.915,2026-10-02T14:19:40.149172
2026-10-01 17:00,ETHUSDT,2294904.378,6148048828.662,2026-10-02T14:19:40.149172
2026-10-01 18:00,BTCUSDT,98636.111,8371764254.939629,2026-10-02T14:19:40.149172
2026-10-01 18:00,ETHUSDT,2298428.071,6206027558.547627,2026-10-02T14:19:40.149172
2026-10-01 19:00,BTCUSDT,97706.346,8282068648.0554,2026-10-02T14:19:40.149172
2026-10-01 19:00,ETHUSDT,2301107.59,6211770905.9773,2026-10-02T14:19:40.149172
2026-10-01 20:00,BTCUSDT,97257.596,8229065637.170699,2026-10-02T14:19:40.149172
2026-10-01 20:00,ETHUSDT,2300900.87,6210200475.1561,2026-10-02T14:19:40.149172
2026-10-01 21:00,BTCUSDT,97206.13,8222369688.197359,2026-10-02T14:19:40.149172
2026-10-01 21:00,ETHUSDT,2299556.038,6202796020.92904,2026-10-02T14:19:40.149172
2026-10-01 22:00,BTCUSDT,97021.651,8200166649.61457,2026-10-02T14:19:40.149172
2026-10-01 22:00,ETHUSDT,2291553.984,6169665368.8224,2026-10-02T14:19:40.149172
2026-10-01 23:00,BTCUSDT,96981.033,8215515645.158988,2026-10-02T14:19:40.149172
2026-10-01 23:00,ETHUSDT,2292903.539,6194920923.59942,2026-10-02T14:19:40.149172
2026-10-02 00:00,BTCUSDT,96930.762,8222597768.1552,2026-10-02T14:19:40.149172
2026-10-02 00:00,ETHUSDT,2291456.229,6198526586.81874,2026-10-02T14:19:40.149172
2026-10-02 01:00,BTCUSDT,96688.796,8194472149.796,2026-10-02T14:19:40.149172
2026-10-02 01:00,ETHUSDT,2294775.708,6212393848.94052,2026-10-02T14:19:40.149172
2026-10-02 02:00,BTCUSDT,96810.225,8216729926.730992,2026-10-02T14:19:40.149172
2026-10-02 02:00,ETHUSDT,2305194.406,6258432906.945072,2026-10-02T14:19:40.149172
2026-10-02 03:00,BTCUSDT,97104.974,8269915979.2178,2026-10-02T14:19:40.149172
2026-10-02 03:00,ETHUSDT,2321420.729,6314705452.81851,2026-10-02T14:19:40.149172
2026-10-02 04:00,BTCUSDT,98623.836,8430293600.930414,2026-10-02T14:19:40.149172
2026-10-02 04:00,ETHUSDT,2329938.157,6334176122.910426,2026-10-02T14:19:40.149172
2026-10-02 05:00,BTCUSDT,100171.73,8677626540.575,2026-10-02T14:19:40.149172
2026-10-02 05:00,ETHUSDT,2352341.138,6450170623.071225,2026-10-02T14:19:40.149172
2026-10-02 06:00,BTCUSDT,99495.538,8553409529.694635,2026-10-02T14:19:40.149172
2026-10-02 06:00,ETHUSDT,2337256.573,6355967521.471704,2026-10-02T14:19:40.149172
2026-10-02 07:00,BTCUSDT,99410.299,8544494137.5882,2026-10-02T14:19:40.149172
2026-10-02 07:00,ETHUSDT,2347412.039,6404561636.60565,2026-10-02T14:19:40.149172
2026-10-02 08:00,BTCUSDT,99669.326,8577970773.6618,2026-10-02T14:19:40.149172
2026-10-02 08:00,ETHUSDT,2354897.277,6445165455.36684,2026-10-02T14:19:40.149172
2026-10-02 09:00,BTCUSDT,99945.344,8615808368.5888,2026-10-02T14:19:40.149172
2026-10-02 09:00,ETHUSDT,2373961.994,6534662743.16416,2026-10-02T14:19:40.149172
2026-10-02 10:00,BTCUSDT,99707.082,8607394295.06586,2026-10-02T14:19:40.149172
2026-10-02 10:00,ETHUSDT,2369352.53,6506160906.08308,2026-10-02T14:19:40.149172
2026-10-02 11:00,BTCUSDT,99531.716,8584783400.24597,2026-10-02T14:19:40.149172
2026-10-02 11:00,ETHUSDT,2356693.575,6462407286.68625,2026-10-02T14:19:40.149172
2026-10-02 12:00,BTCUSDT,99213.957,8570070929.854385,2026-10-02T14:19:40.149172
2026-10-02 12:00,ETHUSDT,2360295.521,6479924090.6013,2026-10-02T14:19:40.149172
2026-10-02 13:00,BTCUSDT,99776.806,8657513724.4528,2026-10-02T14:19:40.149172
2026-10-02 13:00,ETHUSDT,2367221.199,6519066787.71411,2026-10-02T14:19:40.149172
2026-10-02 14:00,BTCUSDT,99721.257,8628364322.266708,2026-10-02T14:19:40.149172
2026-10-02 14:00,ETHUSDT,2378508.538,6525421690.391775,2026-10-02T14:19:40.149172
