date,market-price,n-transactions,n-unique-addresses,miners-revenue,transaction-fees-usd,hash-rate,retrieved_at
2026-07-04,62545.03,766307.0,434728.0,31958505.35624473,157883.48124474008,1024824803.2742088,2026-10-02T16:21:10.910168
2026-07-05,63086.45,635997.0,386558.0,28045767.693441838,150080.19344183998,851802433.8902514,2026-10-03T06:55:26.533067
2026-07-06,63572.03,518667.0,453433.0,23545058.25300224,235327.00300226003,771945955.7130404,2026-10-03T06:55:26.533067
2026-07-07,64000.31,617156.0,484547.0,33810153.914468095,255473.71698809988,925004205.552695,2026-10-03T06:55:26.533067
2026-07-08,63287.15,605412.0,463157.0,28233489.36954278,166523.74454275987,891730672.9788568,2026-10-03T06:55:26.533067
2026-07-09,62249.52,558060.0,478640.0,25466423.823367156,177458.19836714995,831838314.3459485,2026-10-03T06:55:26.533067
2026-07-10,63187.84,576868.0,511711.0,26596939.859383278,201905.48438329005,865111846.9197867,2026-10-03T06:55:26.533067
2026-07-11,64124.85,674847.0,429886.0,32463101.492726527,156067.1177265301,914680379.41803,2026-10-03T06:55:26.533067
2026-07-12,63782.83,760744.0,384757.0,30154867.50322592,137705.00322591997,910321900.5977656,2026-10-03T06:55:26.533067
2026-07-13,63744.39,710431.0,458741.0,32537380.48095552,184061.73095553994,929286940.1935524,2026-10-03T06:55:26.533067
2026-07-14,62242.32,751264.0,458571.0,33685178.291484736,194500.16648471,979860379.1156503,2026-10-03T06:55:26.533067
2026-07-15,64960.09,553966.0,481858.0,29659602.47794904,240033.72794905,878713501.2714542,2026-10-03T06:55:26.533067
2026-07-16,64714.54,538040.0,467583.0,24983209.692606576,209422.19260656997,764923263.6967337,2026-10-03T06:55:26.533067
2026-07-17,63790.67,578327.0,496049.0,27410697.114453245,232697.11445324004,802853342.8883076,2026-10-03T06:55:26.533067
2026-07-18,63899.18,857711.0,444410.0,44367075.9966361,201035.37163611004,1049398857.6335355,2026-10-03T06:55:26.533067
2026-07-19,64797.87,898862.0,386348.0,35924593.96592124,155418.96592125014,1043077177.7682731,2026-10-03T06:55:26.533067
2026-07-20,64682.15,736499.0,450037.0,32579946.41959805,199296.41959803985,922965260.3282901,2026-10-03T06:55:26.533067
2026-07-21,65209.88,644122.0,480104.0,29987302.615410216,205502.61541021007,872391821.4061922,2026-10-03T06:55:26.533067
2026-07-22,66511.66,505669.0,467778.0,25171109.330574844,191984.33057482995,726993184.5051601,2026-10-03T06:55:26.533067
2026-07-23,66074.13,601802.0,487730.0,28366911.134696368,190214.2596963701,834461742.2146184,2026-10-03T06:55:26.533067
2026-07-24,65051.17,736287.0,541679.0,36335889.21904726,217323.5940472801,973538699.2503883,2026-10-03T06:55:26.533067
2026-07-25,64095.49,694995.0,454647.0,29034668.784975085,151550.0349750801,872298466.1852326,2026-10-03T06:55:26.533067
2026-07-26,64311.97,758094.0,439204.0,30448318.097199228,150730.59719921992,916150329.1982554,2026-10-03T06:55:26.533067
2026-07-27,65335.46,695681.0,477732.0,34806779.22227191,216001.09727193002,865950311.159995,2026-10-03T06:55:26.533067
2026-07-28,63710.94,560389.0,485064.0,26608818.300387148,196915.17538714,796925286.3573867,2026-10-03T06:55:26.533067
2026-07-29,63873.46,663070.0,478468.0,30874144.40498185,225019.40498187003,897325322.4339077,2026-10-03T06:55:26.533067
2026-07-30,63897.36,712078.0,497475.0,33453364.501118597,215405.12611859987,960075344.9817333,2026-10-03T06:55:26.533067
2026-07-31,64720.99,610890.0,620856.0,34788365.97404295,394759.7240429598,985175354.0008637,2026-10-03T06:55:26.533067
2026-08-01,62811.4,734264.0,527596.0,34078404.99428179,239661.24428179002,1029100369.7843416,2026-10-03T06:55:26.533067
2026-08-02,62760.11,676603.0,453096.0,30282190.96696429,194137.84196428003,903600324.6886903,2026-10-03T06:55:26.533067
2026-08-03,63487.43,703730.0,523906.0,31916007.70883719,263129.58383717004,941250338.2173856,2026-10-03T06:55:26.533067
2026-08-04,63461.22,622530.0,508237.0,31581779.324148443,226101.19914844004,884775317.9243425,2026-10-03T06:55:26.533067
2026-08-05,64054.44,606929.0,519753.0,32032679.669593435,253167.16959342,891050320.1791251,2026-10-03T06:55:26.533067
2026-08-06,64600.08,542214.0,516176.0,26908574.150808807,244380.40080881014,803200288.612169,2026-10-03T06:55:26.533067
2026-08-07,64255.09,722683.0,534028.0,35851919.024441294,268965.89944131015,991450356.2556461,2026-10-03T06:55:26.533067
2026-08-08,64878.76,653881.0,448039.0,31683851.991916828,182030.11691681997,898566437.3158499,2026-10-03T06:55:26.533067
2026-08-09,64905.62,731687.0,414062.0,30011840.094056047,145618.2190560499,906199293.8397912,2026-10-03T06:55:26.533067
2026-08-10,64854.72,639365.0,473315.0,30345135.79134038,205382.66634037002,880851061.8442723,2026-10-03T06:55:26.533067
2026-08-11,63916.51,608562.0,467215.0,27161267.303332012,189489.17833201002,817480481.8554755,2026-10-03T06:55:26.533067
2026-08-12,63552.46,651109.0,494924.0,31226931.160819154,334812.41081913986,893525177.8420315,2026-10-03T06:55:26.533067
2026-08-13,63400.51,680730.0,486521.0,30813236.80437796,207024.30437792998,925210467.8364298,2026-10-03T06:55:26.533067
2026-08-14,63406.36,694502.0,512338.0,31531940.289323136,210059.03932312992,944221641.8330688,2026-10-03T06:55:26.533067
2026-08-15,62971.56,719514.0,445251.0,31900917.21956156,155142.21956156997,918873409.83755,2026-10-03T06:55:26.533067
2026-08-16,63024.43,831035.0,402442.0,33462037.565031838,144343.81503183997,1020266337.8196247,2026-10-03T06:55:26.533067
2026-08-17,62826.11,756022.0,474331.0,32861436.28106974,179992.5310697301,1001255163.8229856,2026-10-03T06:55:26.533067
2026-08-18,64503.67,711159.0,475618.0,31799137.209413435,192724.70941343997,944221641.8330688,2026-10-03T06:55:26.533067
2026-08-19,64684.36,537758.0,,28103937.417647216,226287.41764720998,779458133.8621979,2026-10-03T06:55:26.533067
2026-08-20,69283.53,514632.0,530645.0,31250915.320521314,320209.07052132,804806365.8577168,2026-10-03T06:55:26.533067
2026-08-21,73024.53,538999.0,569974.0,36057636.17685566,395045.55185565,868176945.8465129,2026-10-03T06:55:26.533067
2026-08-22,78323.95,704507.0,471840.0,37584155.46012249,245811.71012249994,937884583.8341893,2026-10-03T06:55:26.533067
2026-08-23,77077.12,703001.0,,36808693.989889726,195275.23988972002,850614057.0232295,2026-10-03T06:55:26.533067
2026-08-24,77701.23,632563.0,489906.0,38799895.464067735,263154.8390677401,888054324.8996867,2026-10-03T06:55:26.533067
2026-08-25,78975.82,620604.0,501443.0,36029947.78975706,251047.78975704993,888054324.8996867,2026-10-03T06:55:26.533067
2026-08-26,78521.7,724288.0,491486.0,40005307.60847206,245976.3584720501,950593361.8644534,2026-10-03T06:55:26.533067
2026-08-27,79030.02,690404.0,506914.0,39563643.51466621,269615.3896662199,913069939.6855934,2026-10-03T06:55:26.533067
2026-08-28,80273.17,569698.0,518289.0,37859625.807505,286160.1825049701,825515287.9349201,2026-10-03T06:55:26.533067
2026-08-29,77835.28,734873.0,447256.0,38617159.95615532,194644.33115532002,913069939.6855934,2026-10-03T06:55:26.533067
2026-08-30,78232.0,879309.0,398941.0,41616845.61983288,167048.74483288,1019386302.5256965,2026-10-03T06:55:26.533067
2026-08-31,77690.03,697056.0,501131.0,41873915.14132834,246068.26632836007,950593361.8644534,2026-10-03T06:55:26.533067
2026-09-01,78549.65,627345.0,506462.0,38812028.82668903,254963.20168904014,888054324.8996867,2026-10-03T06:55:26.533067
2026-09-02,77410.57,581418.0,494353.0,36220769.16653495,242591.04153493998,856784806.4173034,2026-10-03T06:55:26.533067
2026-09-03,77304.32,712367.0,533231.0,45888668.7755952,284153.1505951901,1000624591.4362668,2026-10-03T06:55:26.533067
2026-09-04,81272.88,618290.0,526842.0,39753685.11973082,287428.8697308399,894308228.5961634,2026-10-03T06:55:26.533067
2026-09-05,79676.63,723854.0,465063.0,39117131.97882999,207969.47882999986,927538773.2739177,2026-10-03T06:55:26.533067
2026-09-06,79832.88,893391.0,415207.0,48413563.66319026,191073.03819027,1045376165.0118244,2026-10-03T06:55:26.533067
2026-09-07,80341.3,699012.0,453808.0,35267306.52948581,202834.6544858099,880650223.8584459,2026-10-03T06:55:26.533067
2026-09-08,79093.87,641373.0,449976.0,33443132.523066733,229745.02306671996,842636545.130743,2026-10-03T06:55:26.533067
2026-09-09,78444.05,758490.0,492982.0,44921766.60613301,283847.85613301,1020033712.5266892,2026-10-03T06:55:26.533067
2026-09-10,78273.45,625497.0,499484.0,35764129.10695293,242525.98195291992,848972158.2520267,2026-10-03T06:55:26.533067
2026-09-11,76540.35,766738.0,511851.0,44040425.4641957,266762.96419567993,1020033712.5266892,2026-10-03T06:55:26.533067
2026-09-12,77209.87,783637.0,450026.0,41440926.25326019,183295.00326020006,994691260.0415542,2026-10-03T06:55:26.533067
2026-09-13,77273.07,791693.0,410158.0,41850977.384348914,176805.50934893003,956677581.3138515,2026-10-03T06:55:26.533067
2026-09-14,76829.51,708209.0,471043.0,42671120.30986431,228339.05986434,950341968.1925676,2026-10-03T06:55:26.533067
2026-09-15,78169.72,818399.0,496714.0,44260858.666613646,237333.66661363014,1032704938.7692567,2026-10-03T06:55:26.533067
2026-09-16,75609.19,653862.0,481627.0,36313673.746359296,251876.87135929984,861643384.4945945,2026-10-03T06:55:26.533067
2026-09-17,76141.53,652518.0,491423.0,38730942.1503553,235135.90035528995,905992676.3435813,2026-10-03T06:55:26.533067
2026-09-18,76395.02,712987.0,539329.0,41873220.541757636,284195.5417576299,963013194.4351349,2026-10-03T06:55:26.533067
2026-09-19,80872.23,592465.0,457118.0,35509689.012637205,214782.7626372001,825725010.0135053,2026-10-03T06:55:26.533067
2026-09-20,81256.73,813705.0,415087.0,42610620.97116012,182152.22116013,1016306047.1278474,2026-10-03T06:55:26.533067
2026-09-21,81136.2,631655.0,528313.0,42096485.18335576,314900.80835577,983309097.5457743,2026-10-03T06:55:26.533067
2026-09-22,86607.63,619671.0,485993.0,43523516.78382096,289948.0338209601,917315198.3816285,2026-10-03T06:55:26.533067
2026-09-23,86184.81,582888.0,489385.0,35769277.75349589,248487.12849587,851321299.2174826,2026-10-03T06:55:26.533067
2026-09-24,84384.61,634055.0,490018.0,39709877.46111546,318455.58611544996,923914588.2980429,2026-10-03T06:55:26.533067
2026-09-25,84380.26,598711.0,520091.0,40311936.510160185,345536.51016017015,884318248.7995554,2026-10-03T06:55:26.533067
2026-09-26,84087.22,757303.0,448618.0,44325792.81542678,220749.06542677004,1016306047.1278474,2026-10-03T06:55:26.533067
2026-09-27,84423.31,755299.0,416118.0,40876415.46446575,185331.08946574992,963510927.7965306,2026-10-03T06:55:26.533067
2026-09-28,84443.93,780095.0,491198.0,48564894.469910845,299741.34491084993,1088899336.2084079,2026-10-03T06:55:26.533067
2026-09-29,83471.07,740527.0,514445.0,44466150.51088154,274253.6358815598,1049302996.7099203,2026-10-03T06:55:26.533067
2026-09-30,83629.12,603758.0,535674.0,40909021.705262505,346993.58026252023,930513978.2144575,2026-10-03T06:55:26.533067
2026-10-01,83570.96,535739.0,534413.0,40812051.510804504,368335.88580451993,897517028.6323848,2026-10-03T06:55:26.533067
2026-10-02,84862.44,593742.0,549249.0,45036962.9355461,360941.06054608984,930513978.2144575,2026-10-03T06:55:26.533067
2026-10-03,84502.85,,,,,,2026-10-03T06:55:26.533067
