date,series_id,market_name,open_interest,nc_long,nc_short,net_noncommercial,retrieved_at
2026-09-22,COT_CHF,SWISS FRANC - CHICAGO MERCANTILE EXCHANGE,133495,87286,19001,68285,2026-10-02T16:21:03.485975
2026-09-22,COT_EUR,EURO FX - CHICAGO MERCANTILE EXCHANGE,821689,48708,269660,-220952,2026-10-02T16:21:03.485975
2026-09-22,COT_GBP,BRITISH POUND - CHICAGO MERCANTILE EXCHANGE,244925,115587,7445,108142,2026-10-02T16:21:03.485975
2026-09-22,COT_JPY,JAPANESE YEN - CHICAGO MERCANTILE EXCHANGE,378701,56693,164977,-108284,2026-10-02T16:21:03.485975
2026-09-29,COT_CHF,SWISS FRANC - CHICAGO MERCANTILE EXCHANGE,133872,86127,20679,65448,2026-10-09T01:43:08.709883
2026-09-29,COT_EUR,EURO FX - CHICAGO MERCANTILE EXCHANGE,853959,47546,259712,-212166,2026-10-09T01:43:08.709883
2026-09-29,COT_GBP,BRITISH POUND - CHICAGO MERCANTILE EXCHANGE,251740,143035,8402,134633,2026-10-09T01:43:08.709883
2026-09-29,COT_JPY,JAPANESE YEN - CHICAGO MERCANTILE EXCHANGE,360720,54528,141230,-86702,2026-10-09T01:43:08.709883
2026-10-06,COT_CHF,SWISS FRANC - CHICAGO MERCANTILE EXCHANGE,137185,82560,20932,61628,2026-10-10T06:19:15.875759
2026-10-06,COT_EUR,EURO FX - CHICAGO MERCANTILE EXCHANGE,870291,48187,224701,-176514,2026-10-10T06:19:15.875759
2026-10-06,COT_GBP,BRITISH POUND - CHICAGO MERCANTILE EXCHANGE,265890,157251,9218,148033,2026-10-10T06:19:15.875759
2026-10-06,COT_JPY,JAPANESE YEN - CHICAGO MERCANTILE EXCHANGE,368138,53281,138186,-84905,2026-10-10T06:19:15.875759
