date,series_id,open_interest,nc_long,nc_short,net_noncommercial,retrieved_at,market_name
2026-09-22,COT_EUR,821689,48708,269660,-220952,2026-10-02T16:21:03.018350,EURO FX - CHICAGO MERCANTILE EXCHANGE
2026-09-22,COT_FEDFUNDS,2518412,477427,563942,-86515,2026-10-02T16:21:03.018350,FED FUNDS - CHICAGO BOARD OF TRADE
2026-09-22,COT_SOFR3M,12230496,4524592,1372402,3152190,2026-10-02T16:21:03.018350,SOFR-3M - CHICAGO MERCANTILE EXCHANGE
2026-09-22,COT_UST10Y,5407726,130564,711238,-580674,2026-10-02T16:21:03.018350,UST 10Y NOTE - CHICAGO BOARD OF TRADE
2026-09-22,COT_UST30Y,1887864,32696,283657,-250961,2026-10-02T16:21:03.018350,UST BOND - CHICAGO BOARD OF TRADE
2026-09-22,COT_UST5Y,6599737,96005,1029321,-933316,2026-10-02T16:21:03.018350,UST 5Y NOTE - CHICAGO BOARD OF TRADE
2026-09-29,COT_BTC_CME,19596,6892,4212,2680,2026-10-09T01:43:08.206682,BITCOIN - CHICAGO MERCANTILE EXCHANGE
2026-09-29,COT_EUR,853959,47546,259712,-212166,2026-10-09T01:43:08.206682,EURO FX - CHICAGO MERCANTILE EXCHANGE
2026-09-29,COT_FEDFUNDS,2578047,526894,617799,-90905,2026-10-09T01:43:08.206682,FED FUNDS - CHICAGO BOARD OF TRADE
2026-09-29,COT_SOFR3M,12455877,4502346,1541815,2960531,2026-10-09T01:43:08.206682,SOFR-3M - CHICAGO MERCANTILE EXCHANGE
2026-09-29,COT_UST10Y,5676556,92958,829543,-736585,2026-10-09T01:43:08.206682,UST 10Y NOTE - CHICAGO BOARD OF TRADE
2026-09-29,COT_UST30Y,1879173,41114,221913,-180799,2026-10-09T01:43:08.206682,UST BOND - CHICAGO BOARD OF TRADE
2026-09-29,COT_UST5Y,6789241,79769,1059851,-980082,2026-10-09T01:43:08.206682,UST 5Y NOTE - CHICAGO BOARD OF TRADE
2026-10-06,COT_BTC_CME,21432,6974,4635,2339,2026-10-10T06:19:15.397223,BITCOIN - CHICAGO MERCANTILE EXCHANGE
2026-10-06,COT_EUR,870291,48187,224701,-176514,2026-10-10T06:19:15.397223,EURO FX - CHICAGO MERCANTILE EXCHANGE
2026-10-06,COT_FEDFUNDS,2343262,454067,588584,-134517,2026-10-10T06:19:15.397223,FED FUNDS - CHICAGO BOARD OF TRADE
2026-10-06,COT_SOFR3M,12657372,4597435,1778177,2819258,2026-10-10T06:19:15.397223,SOFR-3M - CHICAGO MERCANTILE EXCHANGE
2026-10-06,COT_UST10Y,5742990,98637,740670,-642033,2026-10-10T06:19:15.397223,UST 10Y NOTE - CHICAGO BOARD OF TRADE
2026-10-06,COT_UST30Y,1898067,44875,237552,-192677,2026-10-10T06:19:15.397223,UST BOND - CHICAGO BOARD OF TRADE
2026-10-06,COT_UST5Y,6758624,83428,919320,-835892,2026-10-10T06:19:15.397223,UST 5Y NOTE - CHICAGO BOARD OF TRADE
