date,market,index,symbol,price,funding_rate_pct,funding_rate_annual_pct,open_interest_usd,volume_24h_usd,retrieved_at
2026-10-08,Binance (Futures),BTC,BTCUSDT,80930.66,0.003635,3.980325000000001,7644263338.73,14583814275.383968,2026-10-08T16:08:58.448365
2026-10-08,Binance (Futures),ETH,ETHUSDT,2428.6,0.00291,3.18645,5650294092.37,11469012784.921083,2026-10-08T16:08:58.448365
2026-10-08,Bybit (Futures),BTC,BTCUSDT,81112.53,0.004592,5.02824,4699423246.98,6054909047.663065,2026-10-08T16:08:58.448365
2026-10-08,Bybit (Futures),ETH,ETHUSDT,2448.22,0.002205,2.414475,1995265795.64,3551485950.103138,2026-10-08T16:08:58.448365
2026-10-08,Gate (Futures),BTC,BTC_USDT,80941.75,0.0034,3.723,4312331899.36,6685626587.537505,2026-10-08T16:08:58.448365
2026-10-08,Gate (Futures),ETH,ETH_USDT,2429.45,0.0013,1.4235,1960501027.95,6421160083.046872,2026-10-08T16:08:58.448365
2026-10-08,MEXC (Futures),BTC,BTC_USDT,80952.14,0.0036,3.942,3652976362.96,3822131457.8608527,2026-10-08T16:08:58.448365
2026-10-08,MEXC (Futures),ETH,ETH_USDT,2428.6,0.0029,3.1755,2858589665.4,1992582458.4449167,2026-10-08T16:08:58.448365
2026-10-08,OKX (Futures),BTC,BTC-USDT-SWAP,80975.62,0.00622827338606,6.8199593577357005,2504181849.59,7437877607.326065,2026-10-08T16:08:58.448365
2026-10-08,OKX (Futures),ETH,ETH-USDT-SWAP,2428.83,0.00335392692746,3.6725499855687,1581542296.53,8717311926.6425,2026-10-08T16:08:58.448365
2026-10-09,Binance (Futures),BTC,BTCUSDT,82472.69,0.0067249999999999,7.363874999999999,7625936003.41,9300643105.50367,2026-10-09T21:18:54.852452
2026-10-09,Binance (Futures),ETH,ETHUSDT,2480.5,0.006132,6.714540000000001,5832648203.76,6110295636.330459,2026-10-09T21:18:54.852452
2026-10-09,Bybit (Futures),BTC,BTCUSDT,82404.94,-0.000581,-0.6361950000000001,4606127001.3,3781185317.6058855,2026-10-09T21:18:54.852452
2026-10-09,Bybit (Futures),ETH,ETHUSDT,2480.49,-0.0001919999999999,-0.2102399999999999,1918917499.83,1992209362.332541,2026-10-09T21:18:54.852452
2026-10-09,Gate (Futures),BTC,BTC_USDT,82472.69,0.0025,2.7375,4132900219.84,4193323799.2623634,2026-10-09T21:18:54.852452
2026-10-09,Gate (Futures),ETH,ETH_USDT,2480.44,0.0078999999999999,8.6505,1970541755.29,3437301723.5612206,2026-10-09T21:18:54.852452
2026-10-09,MEXC (Futures),BTC,BTC_USDT,82472.79,0.0067,7.3365,3790376498.41,2670068779.558168,2026-10-09T21:18:54.852452
2026-10-09,MEXC (Futures),ETH,ETH_USDT,2480.5,0.0060999999999999,6.679499999999999,2985317635.14,1183849063.751099,2026-10-09T21:18:54.852452
2026-10-09,OKX (Futures),BTC,BTC-USDT-SWAP,82468.79,0.00413975462317,4.53303131237115,2464999545.48,5077580392.709391,2026-10-09T21:18:54.852452
2026-10-09,OKX (Futures),ETH,ETH-USDT-SWAP,2480.31,0.0037084611046499,4.060764909591749,1492977851.42,4510993615.828288,2026-10-09T21:18:54.852452
2026-10-10,Binance (Futures),BTC,BTCUSDT,82975.73,-0.000559,-0.612105,7681147182.55,3222809061.057144,2026-10-10T20:20:10.027418
2026-10-10,Binance (Futures),ETH,ETHUSDT,2511.59,-0.005474,-5.9940299999999995,5922045682.23,2288680325.589008,2026-10-10T20:20:10.027418
2026-10-10,Bybit (Futures),BTC,BTCUSDT,82971.03,-0.001005,-1.100475,4645174592.32,1164148105.0979915,2026-10-10T20:20:10.027418
2026-10-10,Bybit (Futures),ETH,ETHUSDT,2510.06,-0.005647,-6.183465000000001,1975926013.42,699252333.1698812,2026-10-10T20:20:10.027418
2026-10-10,Gate (Futures),BTC,BTC_USDT,82978.93,-0.0007,-0.7665,4309834380.07,1060968544.3701878,2026-10-10T20:20:10.027418
2026-10-10,Gate (Futures),ETH,ETH_USDT,2510.05,-0.0022,-2.409,2023436632.06,1116784876.0642588,2026-10-10T20:20:10.027418
2026-10-10,MEXC (Futures),BTC,BTC_USDT,82975.13,-0.0005,-0.5475,3595493663.6,1132098339.9305913,2026-10-10T20:20:10.027418
2026-10-10,MEXC (Futures),ETH,ETH_USDT,2509.84,-0.005399999999999999,-5.912999999999999,2816525742.84,536635666.9545811,2026-10-10T20:20:10.027418
2026-10-10,OKX (Futures),BTC,BTC-USDT-SWAP,82977.43,-0.0023223529028,-2.542976428566,2490260216.54,1660474716.3613927,2026-10-10T20:20:10.027418
2026-10-10,OKX (Futures),ETH,ETH-USDT-SWAP,2510.65,-0.00158027091701,-1.73039665412595,1514818286.46,1542619276.561216,2026-10-10T20:20:10.027418
