date,exchange_id,exchange_name,volume_24h_btc,trust_score,retrieved_at
2026-10-08,binance,Binance,166064.0819945094,10,2026-10-08T16:08:57.806285
2026-10-08,bitfinex,Bitfinex,15664.73726154459,8,2026-10-08T16:08:57.806285
2026-10-08,bybit_spot,Bybit,28911.942744852546,9,2026-10-08T16:08:57.806285
2026-10-08,gate,Gate,26059.2539878898,9,2026-10-08T16:08:57.806285
2026-10-08,huobi,HTX,10966.10687718582,7,2026-10-08T16:08:57.806285
2026-10-08,kraken,Kraken,24926.65298063002,10,2026-10-08T16:08:57.806285
2026-10-08,kucoin,KuCoin,18907.50544115364,9,2026-10-08T16:08:57.806285
2026-10-08,upbit,Upbit,15089.632590430949,8,2026-10-08T16:08:57.806285
2026-10-09,binance,Binance,112593.83751052569,10,2026-10-09T21:18:54.091929
2026-10-09,bitfinex,Bitfinex,1610.298494311888,8,2026-10-09T21:18:54.091929
2026-10-09,bybit_spot,Bybit,20012.73997720103,9,2026-10-09T21:18:54.091929
2026-10-09,gate,Gate,19213.134161792488,9,2026-10-09T21:18:54.091929
2026-10-09,huobi,HTX,14291.086957265603,7,2026-10-09T21:18:54.091929
2026-10-09,kraken,Kraken,14644.728579650751,10,2026-10-09T21:18:54.091929
2026-10-09,kucoin,KuCoin,14998.238355610547,9,2026-10-09T21:18:54.091929
2026-10-09,upbit,Upbit,11253.845255351684,8,2026-10-09T21:18:54.091929
