datetime,symbol,oi,oi_usd,retrieved_at
2026-10-02 15:29,BTC,810147100.0,8101471000.0,2026-10-02T15:29:44.125848
2026-10-02 15:29,ETH,247453922.0,247453922.0,2026-10-02T15:29:44.125848
2026-10-02 15:36,BTC,808978220.0,8089782200.0,2026-10-02T15:36:20.308423
2026-10-02 15:36,ETH,247845510.0,2478455100.0,2026-10-02T15:36:20.308423
2026-10-02 15:48,BTC,807410480.0,8074104800.0,2026-10-02T15:48:00.837615
2026-10-02 15:48,ETH,249483350.0,2494833500.0,2026-10-02T15:48:00.837615
2026-10-02 16:13,BTC,805387890.0,8053878900.0,2026-10-02T16:13:54.443587
2026-10-02 16:13,ETH,249456705.0,2494567050.0,2026-10-02T16:13:54.443587
2026-10-02 16:21,BTC,804914860.0,8049148600.0,2026-10-02T16:21:07.139897
2026-10-02 16:21,ETH,249321496.0,2493214960.0,2026-10-02T16:21:07.139897
2026-10-03 06:03,BTC,812252570.0,8122525700.0,2026-10-03T06:03:27.647056
2026-10-03 06:03,ETH,251545728.0,2515457280.0,2026-10-03T06:03:27.647056
2026-10-03 06:55,BTC,810630660.0,8106306600.0,2026-10-03T06:55:22.518713
2026-10-03 06:55,ETH,251577010.0,2515770100.0,2026-10-03T06:55:22.518713
