date,currency,open,high,low,close,retrieved_at
2026-07-04,BTC,39.47,39.75,38.66,39.18,2026-10-02T13:59:11.967055
2026-07-04,ETH,53.55,53.82,51.89,52.97,2026-10-02T13:59:11.967055
2026-07-05,BTC,39.18,40.08,38.51,38.67,2026-10-02T13:59:11.967055
2026-07-05,ETH,52.97,54.5,52.57,53.08,2026-10-02T13:59:11.967055
2026-07-06,BTC,38.67,40.69,37.04,37.26,2026-10-02T13:59:11.967055
2026-07-06,ETH,53.08,55.05,52.51,52.63,2026-10-02T13:59:11.967055
2026-07-07,BTC,38.79,39.14,37.65,38.87,2026-10-02T13:59:11.967055
2026-07-07,ETH,52.93,53.37,52.44,53.27,2026-10-02T13:59:11.967055
2026-07-08,BTC,38.87,40.7,38.69,39.53,2026-10-02T13:59:11.967055
2026-07-08,ETH,53.27,54.79,52.67,53.37,2026-10-02T13:59:11.967055
2026-07-09,BTC,39.53,39.98,36.82,37.29,2026-10-02T13:59:11.967055
2026-07-09,ETH,53.37,53.68,51.81,51.99,2026-10-02T13:59:11.967055
2026-07-10,BTC,37.29,37.88,36.1,36.23,2026-10-02T13:59:11.967055
2026-07-10,ETH,51.99,52.19,49.79,49.81,2026-10-02T13:59:11.967055
2026-07-11,BTC,36.23,36.78,35.76,36.78,2026-10-02T13:59:11.967055
2026-07-11,ETH,49.81,50.58,49.52,50.58,2026-10-02T13:59:11.967055
2026-07-12,BTC,36.78,37.42,36.05,37.2,2026-10-02T13:59:11.967055
2026-07-12,ETH,50.58,51.38,50.02,50.99,2026-10-02T13:59:11.967055
2026-07-13,BTC,37.2,38.65,36.72,37.78,2026-10-02T13:59:11.967055
2026-07-13,ETH,50.99,51.78,50.67,51.07,2026-10-02T13:59:11.967055
2026-07-14,BTC,37.78,37.84,36.31,36.48,2026-10-02T13:59:11.967055
2026-07-14,ETH,51.07,51.14,49.27,49.52,2026-10-02T13:59:11.967055
2026-07-15,BTC,36.48,36.82,35.81,35.98,2026-10-02T13:59:11.967055
2026-07-15,ETH,49.52,49.54,47.88,49.03,2026-10-02T13:59:11.967055
2026-07-16,BTC,35.98,36.65,35.71,36.37,2026-10-02T13:59:11.967055
2026-07-16,ETH,49.03,49.43,48.65,49.2,2026-10-02T13:59:11.967055
2026-07-17,BTC,36.37,37.62,35.8,36.33,2026-10-02T13:59:11.967055
2026-07-17,ETH,49.2,50.55,48.82,48.96,2026-10-02T13:59:11.967055
2026-07-18,BTC,36.33,36.79,35.66,35.72,2026-10-02T13:59:11.967055
2026-07-18,ETH,48.96,49.42,48.81,49.28,2026-10-02T13:59:11.967055
2026-07-19,BTC,35.72,36.27,35.4,36.11,2026-10-02T13:59:11.967055
2026-07-19,ETH,49.28,50.02,49.2,49.74,2026-10-02T13:59:11.967055
2026-07-20,BTC,36.11,37.04,35.7,36.26,2026-10-02T13:59:11.967055
2026-07-20,ETH,49.74,50.54,49.6,50.42,2026-10-02T13:59:11.967055
2026-07-21,BTC,36.56,38.15,36.33,37.32,2026-10-02T13:59:11.967055
2026-07-21,ETH,50.31,51.99,50.28,50.99,2026-10-02T13:59:11.967055
2026-07-22,BTC,37.32,38.3,37.31,38.01,2026-10-02T13:59:11.967055
2026-07-22,ETH,50.99,51.95,50.81,51.6,2026-10-02T13:59:11.967055
2026-07-23,BTC,38.01,38.83,37.98,38.47,2026-10-02T13:59:11.967055
2026-07-23,ETH,51.6,51.82,51.27,51.63,2026-10-02T13:59:11.967055
2026-07-24,BTC,38.47,38.55,36.67,37.02,2026-10-02T13:59:11.967055
2026-07-24,ETH,51.63,51.73,50.1,50.52,2026-10-02T13:59:11.967055
2026-07-25,BTC,37.02,37.74,36.95,37.71,2026-10-02T13:59:11.967055
2026-07-25,ETH,50.52,51.58,50.25,51.52,2026-10-02T13:59:11.967055
2026-07-26,BTC,37.71,37.82,37.28,37.34,2026-10-02T13:59:11.967055
2026-07-26,ETH,51.52,52.46,51.07,51.7,2026-10-02T13:59:11.967055
2026-07-27,BTC,37.34,37.54,36.38,37.45,2026-10-02T13:59:11.967055
2026-07-27,ETH,51.7,52.03,50.8,51.87,2026-10-02T13:59:11.967055
2026-07-28,BTC,37.45,38.9,37.07,37.24,2026-10-02T13:59:11.967055
2026-07-28,ETH,51.87,53.28,51.57,53.02,2026-10-02T13:59:11.967055
2026-07-29,BTC,37.24,38.47,36.96,37.45,2026-10-02T13:59:11.967055
2026-07-29,ETH,53.02,53.33,52.2,52.46,2026-10-02T13:59:11.967055
2026-07-30,BTC,37.45,37.53,35.15,35.55,2026-10-02T13:59:11.967055
2026-07-30,ETH,52.46,52.48,50.63,50.71,2026-10-02T13:59:11.967055
2026-07-31,BTC,35.55,36.33,34.74,35.64,2026-10-02T13:59:11.967055
2026-07-31,ETH,50.71,50.87,48.69,50.21,2026-10-02T13:59:11.967055
2026-08-01,BTC,35.63,35.8,35.32,35.55,2026-10-02T13:59:11.967055
2026-08-01,ETH,50.21,51.3,49.59,50.8,2026-10-02T13:59:11.967055
2026-08-02,BTC,35.55,35.62,34.86,35.05,2026-10-02T13:59:11.967055
2026-08-02,ETH,50.8,50.91,49.51,49.74,2026-10-02T13:59:11.967055
2026-08-03,BTC,35.05,35.86,34.54,34.76,2026-10-02T13:59:11.967055
2026-08-03,ETH,49.74,50.49,49.07,49.18,2026-10-02T13:59:11.967055
2026-08-04,BTC,34.76,34.82,33.85,34.04,2026-10-02T13:59:11.967055
2026-08-04,ETH,49.18,49.58,47.77,47.81,2026-10-02T13:59:11.967055
2026-08-05,BTC,34.04,34.93,33.94,34.66,2026-10-02T13:59:11.967055
2026-08-05,ETH,47.81,48.74,47.68,48.04,2026-10-02T13:59:11.967055
2026-08-06,BTC,34.66,35.07,34.36,34.98,2026-10-02T13:59:11.967055
2026-08-06,ETH,48.04,48.11,47.68,47.98,2026-10-02T13:59:11.967055
2026-08-07,BTC,34.98,35.0,33.83,33.94,2026-10-02T13:59:11.967055
2026-08-07,ETH,47.98,47.99,47.22,47.44,2026-10-02T13:59:11.967055
2026-08-08,BTC,33.94,34.28,33.84,34.23,2026-10-02T13:59:11.967055
2026-08-08,ETH,47.44,48.1,47.44,48.08,2026-10-02T13:59:11.967055
2026-08-09,BTC,34.23,34.96,34.15,34.93,2026-10-02T13:59:11.967055
2026-08-09,ETH,48.08,49.12,48.08,49.1,2026-10-02T13:59:11.967055
2026-08-10,BTC,34.93,36.37,34.24,36.33,2026-10-02T13:59:11.967055
2026-08-10,ETH,49.1,49.88,48.88,49.72,2026-10-02T13:59:11.967055
2026-08-11,BTC,35.83,36.18,35.54,36.13,2026-10-02T13:59:11.967055
2026-08-11,ETH,49.53,49.65,49.09,49.3,2026-10-02T13:59:11.967055
2026-08-12,BTC,36.13,36.24,35.54,35.82,2026-10-02T13:59:11.967055
2026-08-12,ETH,49.3,50.02,49.14,49.36,2026-10-02T13:59:11.967055
2026-08-13,BTC,35.82,35.89,34.78,34.81,2026-10-02T13:59:11.967055
2026-08-13,ETH,49.36,49.63,48.47,48.54,2026-10-02T13:59:11.967055
2026-08-14,BTC,34.81,35.25,33.84,34.74,2026-10-02T13:59:11.967055
2026-08-14,ETH,48.54,48.58,47.01,47.18,2026-10-02T13:59:11.967055
2026-08-15,BTC,34.74,35.07,34.57,35.02,2026-10-02T13:59:11.967055
2026-08-15,ETH,47.18,47.54,46.95,47.54,2026-10-02T13:59:11.967055
2026-08-16,BTC,35.02,35.43,34.94,35.16,2026-10-02T13:59:11.967055
2026-08-16,ETH,47.54,47.72,47.35,47.49,2026-10-02T13:59:11.967055
2026-08-17,BTC,35.16,35.18,33.91,34.72,2026-10-02T13:59:11.967055
2026-08-17,ETH,47.49,47.62,44.74,46.29,2026-10-02T13:59:11.967055
2026-08-18,BTC,34.33,35.25,34.11,34.9,2026-10-02T13:59:11.967055
2026-08-18,ETH,45.71,46.4,45.39,46.1,2026-10-02T13:59:11.967055
2026-08-19,BTC,34.9,41.17,34.45,37.84,2026-10-02T13:59:11.967055
2026-08-19,ETH,46.1,56.89,46.09,52.54,2026-10-02T13:59:11.967055
2026-08-20,BTC,37.84,40.48,35.85,39.44,2026-10-02T13:59:11.967055
2026-08-20,ETH,52.54,53.61,50.21,52.57,2026-10-02T13:59:11.967055
2026-08-21,BTC,39.44,47.14,39.13,43.29,2026-10-02T13:59:11.967055
2026-08-21,ETH,52.57,58.41,52.56,57.73,2026-10-02T13:59:11.967055
2026-08-22,BTC,43.29,44.43,40.99,42.27,2026-10-02T13:59:11.967055
2026-08-22,ETH,57.73,59.04,56.27,57.01,2026-10-02T13:59:11.967055
2026-08-23,BTC,42.27,43.41,41.45,43.18,2026-10-02T13:59:11.967055
2026-08-23,ETH,57.01,60.36,56.68,60.31,2026-10-02T13:59:11.967055
2026-08-24,BTC,43.18,45.37,42.75,43.41,2026-10-02T13:59:11.967055
2026-08-24,ETH,60.31,60.49,58.42,58.44,2026-10-02T13:59:11.967055
2026-08-25,BTC,43.38,43.87,42.7,43.28,2026-10-02T13:59:11.967055
2026-08-25,ETH,58.45,58.65,57.66,58.15,2026-10-02T13:59:11.967055
2026-08-26,BTC,43.28,43.28,39.97,40.37,2026-10-02T13:59:11.967055
2026-08-26,ETH,58.15,58.66,55.39,56.06,2026-10-02T13:59:11.967055
2026-08-27,BTC,40.37,43.63,39.51,41.52,2026-10-02T13:59:11.967055
2026-08-27,ETH,56.06,58.42,54.91,57.08,2026-10-02T13:59:11.967055
2026-08-28,BTC,41.52,41.76,38.21,38.34,2026-10-02T13:59:11.967055
2026-08-28,ETH,57.08,57.08,50.85,50.85,2026-10-02T13:59:11.967055
2026-08-29,BTC,38.34,38.44,37.19,37.43,2026-10-02T13:59:11.967055
2026-08-29,ETH,50.85,51.11,49.71,51.11,2026-10-02T13:59:11.967055
2026-08-30,BTC,37.43,37.61,36.57,36.99,2026-10-02T13:59:11.967055
2026-08-30,ETH,51.11,51.98,50.77,51.76,2026-10-02T13:59:11.967055
2026-08-31,BTC,36.99,37.69,36.31,37.63,2026-10-02T13:59:11.967055
2026-08-31,ETH,51.76,51.98,50.45,51.31,2026-10-02T13:59:11.967055
2026-09-01,BTC,37.63,38.84,36.93,37.93,2026-10-02T13:59:11.967055
2026-09-01,ETH,51.31,52.06,50.0,51.83,2026-10-02T13:59:11.967055
2026-09-02,BTC,37.93,38.12,36.58,37.19,2026-10-02T13:59:11.967055
2026-09-02,ETH,51.83,51.85,50.75,50.92,2026-10-02T13:59:11.967055
2026-09-03,BTC,37.19,40.87,36.3,39.78,2026-10-02T13:59:11.967055
2026-09-03,ETH,50.92,53.42,50.43,53.28,2026-10-02T13:59:11.967055
2026-09-04,BTC,39.78,39.79,37.36,37.96,2026-10-02T13:59:11.967055
2026-09-04,ETH,53.28,53.39,51.07,51.09,2026-10-02T13:59:11.967055
2026-09-05,BTC,37.33,38.7,37.19,38.66,2026-10-02T13:59:11.967055
2026-09-05,ETH,50.47,51.77,50.34,51.72,2026-10-02T13:59:11.967055
2026-09-06,BTC,38.66,39.36,38.61,39.32,2026-10-02T13:59:11.967055
2026-09-06,ETH,51.72,53.23,51.5,53.19,2026-10-02T13:59:11.967055
2026-09-07,BTC,39.32,39.32,38.13,38.79,2026-10-02T13:59:11.967055
2026-09-07,ETH,53.19,53.19,52.16,52.6,2026-10-02T13:59:11.967055
2026-09-08,BTC,38.79,40.32,38.55,39.92,2026-10-02T13:59:11.967055
2026-09-08,ETH,52.6,54.06,52.55,53.86,2026-10-02T13:59:11.967055
2026-09-09,BTC,39.92,40.87,39.75,40.2,2026-10-02T13:59:11.967055
2026-09-09,ETH,53.86,55.25,53.33,53.73,2026-10-02T13:59:11.967055
2026-09-10,BTC,40.2,41.26,39.02,40.24,2026-10-02T13:59:11.967055
2026-09-10,ETH,53.73,54.18,53.01,53.36,2026-10-02T13:59:11.967055
2026-09-11,BTC,40.24,40.24,36.56,36.75,2026-10-02T13:59:11.967055
2026-09-11,ETH,53.36,53.97,51.76,51.76,2026-10-02T13:59:11.967055
2026-09-12,BTC,36.75,37.02,36.59,36.98,2026-10-02T13:59:11.967055
2026-09-12,ETH,51.76,53.11,51.5,52.61,2026-10-02T13:59:11.967055
2026-09-13,BTC,36.98,38.92,36.97,38.89,2026-10-02T13:59:11.967055
2026-09-13,ETH,52.61,54.49,52.58,54.29,2026-10-02T13:59:11.967055
2026-09-14,BTC,38.89,38.89,37.49,38.57,2026-10-02T13:59:11.967055
2026-09-14,ETH,54.29,55.78,53.2,54.92,2026-10-02T13:59:11.967055
2026-09-15,BTC,39.13,41.17,38.89,39.01,2026-10-02T13:59:11.967055
2026-09-15,ETH,54.71,57.29,54.42,55.19,2026-10-02T13:59:11.967055
2026-09-16,BTC,39.01,39.01,36.19,36.19,2026-10-02T13:59:11.967055
2026-09-16,ETH,55.19,55.19,52.72,52.83,2026-10-02T13:59:11.967055
2026-09-17,BTC,36.19,36.52,33.09,33.59,2026-10-02T13:59:11.967055
2026-09-17,ETH,52.83,53.41,50.1,50.11,2026-10-02T13:59:11.967055
2026-09-18,BTC,33.59,35.99,33.55,35.46,2026-10-02T13:59:11.967055
2026-09-18,ETH,50.11,51.16,49.65,49.92,2026-10-02T13:59:11.967055
2026-09-19,BTC,35.46,36.52,34.28,36.32,2026-10-02T13:59:11.967055
2026-09-19,ETH,49.92,51.21,49.64,50.81,2026-10-02T13:59:11.967055
2026-09-20,BTC,36.32,36.33,34.66,35.65,2026-10-02T13:59:11.967055
2026-09-20,ETH,50.81,51.52,49.87,51.5,2026-10-02T13:59:11.967055
2026-09-21,BTC,35.65,39.37,35.12,38.14,2026-10-02T13:59:11.967055
2026-09-21,ETH,51.5,54.32,51.47,52.61,2026-10-02T13:59:11.967055
2026-09-22,BTC,38.14,38.57,37.21,37.4,2026-10-02T13:59:11.967055
2026-09-22,ETH,52.61,53.03,51.02,51.12,2026-10-02T13:59:11.967055
2026-09-23,BTC,37.4,38.58,35.81,35.81,2026-10-02T13:59:11.967055
2026-09-23,ETH,51.12,53.69,51.12,51.56,2026-10-02T13:59:11.967055
2026-09-24,BTC,35.81,37.11,35.43,36.04,2026-10-02T13:59:11.967055
2026-09-24,ETH,51.56,52.41,50.87,51.04,2026-10-02T13:59:11.967055
2026-09-25,BTC,36.04,36.24,34.56,34.62,2026-10-02T13:59:11.967055
2026-09-25,ETH,51.05,51.23,47.98,48.03,2026-10-02T13:59:11.967055
2026-09-26,BTC,34.62,35.0,34.14,34.92,2026-10-02T13:59:11.967055
2026-09-26,ETH,48.03,49.03,47.9,49.02,2026-10-02T13:59:11.967055
2026-09-27,BTC,34.92,35.19,34.71,35.07,2026-10-02T13:59:11.967055
2026-09-27,ETH,49.02,49.4,48.57,48.96,2026-10-02T13:59:11.967055
2026-09-28,BTC,36.23,36.63,35.49,35.93,2026-10-02T13:59:11.967055
2026-09-28,ETH,49.82,50.43,48.8,49.98,2026-10-02T13:59:11.967055
2026-09-29,BTC,35.93,36.27,34.84,35.12,2026-10-02T13:59:11.967055
2026-09-29,ETH,49.98,50.73,48.89,48.98,2026-10-02T13:59:11.967055
2026-09-30,BTC,35.12,36.15,35.0,35.23,2026-10-02T13:59:11.967055
2026-09-30,ETH,48.98,51.01,48.69,49.35,2026-10-02T13:59:11.967055
2026-10-01,BTC,35.23,36.68,35.19,36.44,2026-10-02T13:59:11.967055
2026-10-01,ETH,49.35,50.61,49.18,49.65,2026-10-02T13:59:11.967055
2026-10-02,BTC,36.44,36.65,35.4,36.28,2026-10-02T13:59:11.967055
2026-10-02,ETH,49.65,50.21,48.92,49.19,2026-10-02T13:59:11.967055
