"('Unnamed: 0_level_0', 'Unnamed: 0_level_1', 'Fee', 'Staking fee')","('Unnamed: 1_level_0', 'ETHA', '0.25%', 'N/A')","('Unnamed: 2_level_0', 'ETHB', '0.25%', '10%')","('Unnamed: 3_level_0', 'FETH', '0.25%', 'N/A')","('Unnamed: 4_level_0', 'ETHW', '0.20%', 'N/A')","('Unnamed: 5_level_0', 'TETH', '0.21%', '25%')","('Unnamed: 6_level_0', 'ETHV', '0.20%', 'N/A')","('Unnamed: 7_level_0', 'QETH', '0.25%', 'N/A')","('Unnamed: 8_level_0', 'EZET', '0.19%', 'N/A')","('Unnamed: 9_level_0', 'MSSE', '0.14%', '5%')","('Unnamed: 10_level_0', 'ETHE', '2.50%', '23%')","('Unnamed: 11_level_0', 'ETH', '0.15%', '6%')","('Total', 'Unnamed: 12_level_1', 'Unnamed: 12_level_2', 'Unnamed: 12_level_3')",retrieved_at
Seed,10.6,104.7,4.4,2.5,2.3,10.2,1.1,2.7,,"9,199*","1,023*",10360,2026-10-09T01:43:20.776605
,,,,,,,,,,,,,2026-10-09T01:43:20.776605
21 Sep 2026,110.1,12.8,73.0,4.3,4.1,0.0,0.0,0.0,1.5,4.9,59.3,270.0,2026-10-09T01:43:20.776605
22 Sep 2026,88.1,2.8,33.6,0.0,0.0,0.0,0.0,0.0,0.0,10.4,27.3,162.2,2026-10-09T01:43:20.776605
23 Sep 2026,50.8,0.0,41.3,0.0,4.0,2.9,0.9,3.0,1.4,4.3,(4.1),104.5,2026-10-09T01:43:20.776605
24 Sep 2026,26.8,0.0,21.5,0.0,0.0,0.0,0.0,0.0,0.0,0.0,17.8,66.1,2026-10-09T01:43:20.776605
25 Sep 2026,50.4,31.9,4.7,0.0,0.0,0.0,0.0,0.0,0.0,0.0,0.0,87.0,2026-10-09T01:43:20.776605
28 Sep 2026,15.4,0.0,0.0,0.0,1.7,0.0,0.0,0.0,0.0,0.0,0.0,17.1,2026-10-09T01:43:20.776605
29 Sep 2026,(8.9),0.0,(6.7),0.0,0.0,0.0,0.0,0.0,0.0,0.0,12.8,(2.8),2026-10-09T01:43:20.776605
30 Sep 2026,0.0,0.0,(26.6),0.0,0.0,0.0,0.0,0.0,0.0,(7.5),(25.5),(59.6),2026-10-09T01:43:20.776605
01 Oct 2026,0.0,0.0,(23.5),0.0,0.0,(6.9),0.0,(6.1),0.0,(20.4),1.5,(55.4),2026-10-09T01:43:20.776605
02 Oct 2026,(20.1),0.0,(17.3),0.0,0.0,0.0,0.0,0.0,0.0,0.0,0.0,(37.4),2026-10-09T01:43:20.776605
05 Oct 2026,(31.9),0.0,(18.9),0.0,0.0,0.0,0.0,0.0,0.0,0.0,0.0,(50.8),2026-10-09T01:43:20.776605
06 Oct 2026,(201.9),0.0,0.0,0.0,0.0,0.0,0.0,0.0,0.0,0.0,0.0,(201.9),2026-10-09T01:43:20.776605
07 Oct 2026,(116.1),0.0,0.0,(5.9),(6.3),(2.8),(2.0),0.0,0.0,(25.8),(2.0),(160.9),2026-10-09T01:43:20.776605
08 Oct 2026,-,-,5.5,0.0,(1.2),(0.9),0.0,0.0,1.3,(6.1),0.0,(1.4),2026-10-09T01:43:20.776605
Total,12919,885,2348,393,36,153,25,65,42.0,"(5,472)",2023,13416,2026-10-09T01:43:20.776605
Average,23.3,6.1,4.2,0.7,0.1,0.3,0.0,0.1,0.8,(9.9),3.6,24.2,2026-10-09T01:43:20.776605
Maximum,639.8,96.8,276.9,204.0,8.0,19.8,6.7,13.2,14.3,53.7,99.8,1018.8,2026-10-09T01:43:20.776605
Minimum,(375.0),(37.5),(272.2),(56.1),(14.7),(18.7),(8.4),(6.6),0.0,(484.1),(88.5),(465.1),2026-10-09T01:43:20.776605
