"('Unnamed: 0_level_0', 'Unnamed: 0_level_1', 'Fee')","('Unnamed: 1_level_0', 'IBIT', '0.25%')","('Unnamed: 2_level_0', 'FBTC', '0.25%')","('Unnamed: 3_level_0', 'BITB', '0.20%')","('Unnamed: 4_level_0', 'ARKB', '0.21%')","('Unnamed: 5_level_0', 'BTCO', '0.25%')","('Unnamed: 6_level_0', 'EZBC', '0.19%')","('Unnamed: 7_level_0', 'BRRR', '0.25%')","('Unnamed: 8_level_0', 'HODL', '0.20%')","('Unnamed: 9_level_0', 'BTCW', '0.25%')","('Unnamed: 10_level_0', 'MSBT', '0.14%')","('Unnamed: 11_level_0', 'GBTC', '1.50%')","('Unnamed: 12_level_0', 'BTC', '0.15%')","('Total', 'Unnamed: 13_level_1', 'Unnamed: 13_level_2')",retrieved_at
21 Sep 2026,381.4,238.8,21.6,289.1,0.0,0.0,0.0,0.0,0.0,61.7,3.3,3.1,999.0,2026-10-09T01:43:19.601350
22 Sep 2026,350.3,257.4,0.0,0.6,0.0,0.0,0.0,2.4,0.0,99.0,0.0,5.0,714.7,2026-10-09T01:43:19.601350
23 Sep 2026,166.3,143.2,0.0,5.0,0.0,0.0,0.0,0.0,0.0,32.4,0.0,0.0,346.9,2026-10-09T01:43:19.601350
24 Sep 2026,162.6,12.9,4.1,0.0,0.0,4.9,0.0,0.0,(4.0),10.2,0.0,0.0,190.7,2026-10-09T01:43:19.601350
25 Sep 2026,97.0,49.3,(11.8),0.0,0.0,0.0,0.0,0.0,0.0,0.0,0.0,0.0,134.5,2026-10-09T01:43:19.601350
28 Sep 2026,54.8,(10.9),0.0,0.0,0.0,0.0,0.0,0.0,0.0,0.0,(23.2),10.3,31.0,2026-10-09T01:43:19.601350
29 Sep 2026,51.1,0.0,(18.1),33.2,0.0,0.0,0.0,0.0,0.0,0.0,0.0,0.0,66.2,2026-10-09T01:43:19.601350
30 Sep 2026,(9.5),(125.6),(13.6),0.0,0.0,0.0,0.0,0.0,0.0,0.0,0.0,0.0,(148.7),2026-10-09T01:43:19.601350
01 Oct 2026,195.6,(60.7),(6.9),(7.7),(4.2),0.0,0.0,(3.6),0.0,7.0,(31.4),14.6,102.7,2026-10-09T01:43:19.601350
02 Oct 2026,158.2,29.3,0.0,0.0,0.0,0.0,0.0,0.0,0.0,2.4,0.0,0.0,189.9,2026-10-09T01:43:19.601350
05 Oct 2026,69.9,(74.5),0.0,(85.2),0.0,0.0,0.0,0.0,0.0,0.0,0.0,0.0,(89.8),2026-10-09T01:43:19.601350
06 Oct 2026,122.0,0.0,0.0,0.0,0.0,0.0,0.0,0.0,0.0,7.8,0.0,(11.0),118.8,2026-10-09T01:43:19.601350
07 Oct 2026,(207.7),(105.1),(27.6),(101.7),0.0,0.0,0.0,(3.5),0.0,0.0,(39.3),0.0,(484.9),2026-10-09T01:43:19.601350
08 Oct 2026,-,(197.1),(17.7),(20.3),0.0,4.7,0.0,0.0,0.0,0.0,(8.2),0.0,(238.6),2026-10-09T01:43:19.601350
Total,65716,10528,2042,1199,140,328,329,1006,78,793,"(27,944)",2946,57162,2026-10-09T01:43:19.601350
Average,95.7,15.3,3.0,1.7,0.2,0.5,0.5,1.5,0.1,6.2,(40.6),5.4,83.2,2026-10-09T01:43:19.601350
Maximum,1119.9,473.4,237.9,289.1,63.4,60.9,43.4,118.8,118.5,99.0,102.5,191.1,1373.8,2026-10-09T01:43:19.601350
Minimum,(528.3),(356.6),(280.7),(327.9),(62.0),(74.1),(74.8),(38.4),(53.8),(5.3),(642.5),(318.2),"(1,113.7)",2026-10-09T01:43:19.601350
