datetime,uly,pos_side,size,price,retrieved_at
2026-10-02 13:56:55,ETH-USDT,long,29.7,2742.77,2026-10-02T14:19:41.195807
2026-10-02 13:56:55,ETH-USDT,long,3.01,2742.55,2026-10-02T14:19:41.195807
2026-10-02 13:56:55,ETH-USDT,long,0.48,2742.67,2026-10-02T14:19:41.195807
2026-10-02 13:57:01,ETH-USDT,long,1.07,2742.23,2026-10-02T14:19:41.195807
2026-10-02 13:57:01,ETH-USDT,long,0.08,2742.05,2026-10-02T14:19:41.195807
2026-10-02 13:57:01,ETH-USDT,long,2.89,2741.72,2026-10-02T14:19:41.195807
2026-10-02 13:57:01,ETH-USDT,long,0.33,2741.62,2026-10-02T14:19:41.195807
2026-10-02 13:57:26,ETH-USDT,long,0.31,2741.09,2026-10-02T14:19:41.195807
2026-10-02 13:57:29,ETH-USDT,long,1.63,2740.77,2026-10-02T14:19:41.195807
2026-10-02 13:57:29,ETH-USDT,long,1.11,2740.77,2026-10-02T14:19:41.195807
2026-10-02 13:57:29,ETH-USDT,long,1.06,2740.42,2026-10-02T14:19:41.195807
2026-10-02 13:57:29,BTC-USDT,long,21.09,86432.8,2026-10-02T14:19:41.195807
2026-10-02 13:57:29,BTC-USDT,long,0.77,86432.8,2026-10-02T14:19:41.195807
2026-10-02 13:57:29,BTC-USDT,long,4.0,86432.8,2026-10-02T14:19:41.195807
2026-10-02 13:57:29,BTC-USDT,long,100.0,86432.8,2026-10-02T14:19:41.195807
2026-10-02 13:57:29,BTC-USDT,long,0.22,86432.8,2026-10-02T14:19:41.195807
2026-10-02 13:57:29,BTC-USDT,long,0.12,86432.8,2026-10-02T14:19:41.195807
2026-10-02 13:57:32,BTC-USDT,long,212.52,86424.1,2026-10-02T14:19:41.195807
2026-10-02 13:57:32,BTC-USDT,long,2.57,86426.8,2026-10-02T14:19:41.195807
2026-10-02 13:57:33,BTC-USDT,long,0.96,86422.7,2026-10-02T14:19:41.195807
2026-10-02 13:57:33,BTC-USDT,long,1.86,86422.7,2026-10-02T14:19:41.195807
2026-10-02 14:01:17,ETH-USDT,long,4.0,2742.03,2026-10-02T14:19:41.195807
2026-10-02 14:05:03,ETH-USDT,short,0.02,2748.96,2026-10-02T14:19:41.195807
2026-10-02 14:07:00,ETH-USDT,long,8.93,2739.64,2026-10-02T14:19:41.195807
2026-10-02 14:07:02,ETH-USDT,long,50.0,2739.38,2026-10-02T14:19:41.195807
2026-10-02 14:07:02,ETH-USDT,long,0.93,2739.26,2026-10-02T14:19:41.195807
2026-10-02 14:07:04,ETH-USDT,long,2.65,2738.86,2026-10-02T14:19:41.195807
2026-10-02 14:07:04,ETH-USDT,long,7.32,2738.88,2026-10-02T14:19:41.195807
2026-10-02 14:07:15,BTC-USDT,long,0.54,86533.6,2026-10-02T14:19:41.195807
2026-10-02 14:07:17,ETH-USDT,long,0.32,2738.62,2026-10-02T14:19:41.195807
2026-10-02 14:07:19,ETH-USDT,long,3.45,2738.35,2026-10-02T14:19:41.195807
2026-10-02 14:07:19,ETH-USDT,long,0.28,2738.18,2026-10-02T14:19:41.195807
2026-10-02 14:07:19,ETH-USDT,long,0.14,2738.27,2026-10-02T14:19:41.195807
2026-10-02 14:07:20,ETH-USDT,long,1.49,2738.18,2026-10-02T14:19:41.195807
2026-10-02 14:07:20,ETH-USDT,long,0.63,2738.18,2026-10-02T14:19:41.195807
2026-10-02 14:07:20,ETH-USDT,long,29.43,2738.11,2026-10-02T14:19:41.195807
2026-10-02 14:07:52,ETH-USDT,long,0.01,2737.61,2026-10-02T14:19:41.195807
2026-10-02 14:07:52,ETH-USDT,long,15.41,2737.61,2026-10-02T14:19:41.195807
2026-10-02 14:07:54,ETH-USDT,long,1.36,2736.99,2026-10-02T14:19:41.195807
2026-10-02 14:07:54,ETH-USDT,long,2.42,2737.4,2026-10-02T14:19:41.195807
2026-10-02 14:07:54,ETH-USDT,long,3.9,2737.4,2026-10-02T14:19:41.195807
2026-10-02 14:07:55,ETH-USDT,long,0.02,2736.8,2026-10-02T14:19:41.195807
2026-10-02 14:07:56,ETH-USDT,long,25.0,2736.68,2026-10-02T14:19:41.195807
2026-10-02 14:07:57,ETH-USDT,long,1.03,2735.52,2026-10-02T14:19:41.195807
2026-10-02 14:07:57,ETH-USDT,long,13.26,2735.87,2026-10-02T14:19:41.195807
2026-10-02 14:07:57,ETH-USDT,long,0.43,2735.87,2026-10-02T14:19:41.195807
2026-10-02 14:08:01,ETH-USDT,long,1.15,2735.85,2026-10-02T14:19:41.195807
2026-10-02 14:08:03,ETH-USDT,long,71.37,2735.14,2026-10-02T14:19:41.195807
2026-10-02 14:08:03,ETH-USDT,long,0.69,2734.27,2026-10-02T14:19:41.195807
2026-10-02 14:08:03,ETH-USDT,long,0.44,2734.27,2026-10-02T14:19:41.195807
2026-10-02 14:08:03,ETH-USDT,long,4.44,2734.27,2026-10-02T14:19:41.195807
2026-10-02 14:08:03,ETH-USDT,long,6.85,2734.27,2026-10-02T14:19:41.195807
2026-10-02 14:08:03,ETH-USDT,long,3.0,2734.27,2026-10-02T14:19:41.195807
2026-10-02 14:08:03,ETH-USDT,long,26.42,2734.27,2026-10-02T14:19:41.195807
2026-10-02 14:08:04,ETH-USDT,long,1.81,2734.34,2026-10-02T14:19:41.195807
2026-10-02 14:08:04,ETH-USDT,long,1.43,2734.34,2026-10-02T14:19:41.195807
2026-10-02 14:08:04,ETH-USDT,long,12.8,2734.36,2026-10-02T14:19:41.195807
2026-10-02 14:08:04,ETH-USDT,long,26.59,2734.36,2026-10-02T14:19:41.195807
2026-10-02 14:08:04,ETH-USDT,long,5.47,2734.34,2026-10-02T14:19:41.195807
2026-10-02 14:08:04,ETH-USDT,long,2.74,2734.36,2026-10-02T14:19:41.195807
2026-10-02 14:08:04,ETH-USDT,long,0.15,2734.36,2026-10-02T14:19:41.195807
2026-10-02 14:10:56,BTC-USDT,long,36.24,86395.3,2026-10-02T14:19:41.195807
2026-10-02 14:10:56,BTC-USDT,long,3.69,86395.3,2026-10-02T14:19:41.195807
2026-10-02 14:10:56,BTC-USDT,long,1.18,86395.3,2026-10-02T14:19:41.195807
2026-10-02 14:10:56,BTC-USDT,long,0.17,86395.3,2026-10-02T14:19:41.195807
2026-10-02 14:10:56,BTC-USDT,long,0.65,86395.3,2026-10-02T14:19:41.195807
2026-10-02 14:10:56,ETH-USDT,long,18.13,2734.06,2026-10-02T14:19:41.195807
2026-10-02 14:10:56,BTC-USDT,long,6.88,86395.3,2026-10-02T14:19:41.195807
2026-10-02 14:10:57,ETH-USDT,long,4.54,2733.12,2026-10-02T14:19:41.195807
2026-10-02 14:10:57,ETH-USDT,long,0.29,2733.32,2026-10-02T14:19:41.195807
2026-10-02 14:10:57,ETH-USDT,long,0.01,2733.32,2026-10-02T14:19:41.195807
2026-10-02 14:10:57,ETH-USDT,long,0.02,2732.73,2026-10-02T14:19:41.195807
2026-10-02 14:10:57,ETH-USDT,long,4.73,2732.91,2026-10-02T14:19:41.195807
2026-10-02 14:10:57,ETH-USDT,long,2.0,2733.32,2026-10-02T14:19:41.195807
2026-10-02 14:10:57,ETH-USDT,long,4.87,2733.32,2026-10-02T14:19:41.195807
2026-10-02 14:10:57,ETH-USDT,long,2.0,2733.32,2026-10-02T14:19:41.195807
2026-10-02 14:10:57,ETH-USDT,long,150.0,2733.32,2026-10-02T14:19:41.195807
2026-10-02 14:10:57,ETH-USDT,long,0.08,2733.32,2026-10-02T14:19:41.195807
2026-10-02 14:10:57,ETH-USDT,long,0.76,2733.32,2026-10-02T14:19:41.195807
2026-10-02 14:10:57,ETH-USDT,long,89.08,2733.12,2026-10-02T14:19:41.195807
2026-10-02 14:10:57,ETH-USDT,long,1.01,2732.91,2026-10-02T14:19:41.195807
2026-10-02 14:10:57,BTC-USDT,long,0.52,86389.2,2026-10-02T14:19:41.195807
2026-10-02 14:10:57,ETH-USDT,long,0.63,2733.32,2026-10-02T14:19:41.195807
2026-10-02 14:10:57,BTC-USDT,long,1.58,86379.8,2026-10-02T14:19:41.195807
2026-10-02 14:10:57,BTC-USDT,long,10.53,86382.1,2026-10-02T14:19:41.195807
2026-10-02 14:10:57,ETH-USDT,long,3.87,2733.12,2026-10-02T14:19:41.195807
2026-10-02 14:10:57,BTC-USDT,long,0.65,86379.8,2026-10-02T14:19:41.195807
2026-10-02 14:10:58,ETH-USDT,long,0.34,2732.62,2026-10-02T14:19:41.195807
2026-10-02 14:10:58,ETH-USDT,long,13.0,2732.62,2026-10-02T14:19:41.195807
2026-10-02 14:10:58,ETH-USDT,long,2.97,2732.73,2026-10-02T14:19:41.195807
2026-10-02 14:11:13,BTC-USDT,long,0.36,86367.0,2026-10-02T14:19:41.195807
2026-10-02 14:11:13,BTC-USDT,long,302.85,86343.0,2026-10-02T14:19:41.195807
2026-10-02 14:11:13,BTC-USDT,long,5.53,86343.0,2026-10-02T14:19:41.195807
2026-10-02 14:11:13,BTC-USDT,long,0.5,86343.0,2026-10-02T14:19:41.195807
2026-10-02 14:11:13,BTC-USDT,long,0.41,86348.8,2026-10-02T14:19:41.195807
2026-10-02 14:11:13,BTC-USDT,long,0.02,86348.8,2026-10-02T14:19:41.195807
2026-10-02 14:11:13,BTC-USDT,long,0.45,86348.8,2026-10-02T14:19:41.195807
2026-10-02 14:11:13,BTC-USDT,long,14.94,86348.8,2026-10-02T14:19:41.195807
2026-10-02 14:11:13,BTC-USDT,long,5.01,86348.8,2026-10-02T14:19:41.195807
2026-10-02 14:11:13,BTC-USDT,long,2.3,86348.8,2026-10-02T14:19:41.195807
2026-10-02 14:11:13,BTC-USDT,long,0.37,86348.8,2026-10-02T14:19:41.195807
2026-10-02 14:11:13,BTC-USDT,long,0.07,86367.0,2026-10-02T14:19:41.195807
2026-10-02 14:11:13,BTC-USDT,long,4.21,86367.0,2026-10-02T14:19:41.195807
2026-10-02 14:11:13,BTC-USDT,long,1.0,86367.0,2026-10-02T14:19:41.195807
2026-10-02 14:11:13,BTC-USDT,long,0.8,86348.8,2026-10-02T14:19:41.195807
2026-10-02 14:11:19,BTC-USDT,long,23.79,86342.9,2026-10-02T14:19:41.195807
2026-10-02 14:11:19,BTC-USDT,long,2.44,86342.8,2026-10-02T14:19:41.195807
2026-10-02 14:11:20,BTC-USDT,long,0.49,86338.1,2026-10-02T14:19:41.195807
2026-10-02 14:11:20,BTC-USDT,long,0.02,86339.8,2026-10-02T14:19:41.195807
2026-10-02 14:11:21,BTC-USDT,long,3.96,86322.8,2026-10-02T14:19:41.195807
2026-10-02 14:11:21,BTC-USDT,long,25.94,86322.8,2026-10-02T14:19:41.195807
2026-10-02 14:11:21,BTC-USDT,long,0.01,86331.5,2026-10-02T14:19:41.195807
2026-10-02 14:11:21,BTC-USDT,long,1.15,86331.5,2026-10-02T14:19:41.195807
2026-10-02 14:11:21,BTC-USDT,long,0.94,86336.6,2026-10-02T14:19:41.195807
2026-10-02 14:11:21,ETH-USDT,long,3.45,2732.52,2026-10-02T14:19:41.195807
2026-10-02 14:11:21,ETH-USDT,long,3.58,2732.52,2026-10-02T14:19:41.195807
2026-10-02 14:11:21,ETH-USDT,long,43.76,2732.52,2026-10-02T14:19:41.195807
2026-10-02 14:11:21,ETH-USDT,long,12.91,2732.5,2026-10-02T14:19:41.195807
2026-10-02 14:11:21,ETH-USDT,long,0.07,2732.35,2026-10-02T14:19:41.195807
2026-10-02 14:11:21,ETH-USDT,long,4.36,2732.35,2026-10-02T14:19:41.195807
2026-10-02 14:11:21,BTC-USDT,long,5.17,86322.8,2026-10-02T14:19:41.195807
2026-10-02 14:11:22,ETH-USDT,long,7.78,2732.25,2026-10-02T14:19:41.195807
2026-10-02 14:11:22,ETH-USDT,long,70.71,2732.25,2026-10-02T14:19:41.195807
2026-10-02 14:11:44,BTC-USDT,long,8.48,86306.7,2026-10-02T14:19:41.195807
2026-10-02 14:11:44,ETH-USDT,long,5.21,2732.14,2026-10-02T14:19:41.195807
2026-10-02 14:11:44,ETH-USDT,long,0.95,2732.14,2026-10-02T14:19:41.195807
2026-10-02 14:11:44,BTC-USDT,long,0.01,86309.5,2026-10-02T14:19:41.195807
2026-10-02 14:11:44,BTC-USDT,long,1.7,86309.5,2026-10-02T14:19:41.195807
2026-10-02 14:11:44,BTC-USDT,long,0.91,86302.9,2026-10-02T14:19:41.195807
2026-10-02 14:11:44,BTC-USDT,long,0.01,86309.5,2026-10-02T14:19:41.195807
2026-10-02 14:11:44,BTC-USDT,long,0.14,86309.5,2026-10-02T14:19:41.195807
2026-10-02 14:11:44,BTC-USDT,long,0.23,86309.5,2026-10-02T14:19:41.195807
2026-10-02 14:11:44,BTC-USDT,long,0.01,86309.5,2026-10-02T14:19:41.195807
2026-10-02 14:11:44,ETH-USDT,long,3.0,2732.14,2026-10-02T14:19:41.195807
2026-10-02 14:11:44,ETH-USDT,long,0.49,2732.14,2026-10-02T14:19:41.195807
2026-10-02 14:11:44,ETH-USDT,long,1.83,2732.14,2026-10-02T14:19:41.195807
2026-10-02 14:11:44,BTC-USDT,long,10.97,86309.5,2026-10-02T14:19:41.195807
2026-10-02 14:11:44,BTC-USDT,long,0.29,86309.5,2026-10-02T14:19:41.195807
2026-10-02 14:11:47,BTC-USDT,long,3.45,86283.7,2026-10-02T14:19:41.195807
2026-10-02 14:11:47,BTC-USDT,long,1.79,86283.7,2026-10-02T14:19:41.195807
2026-10-02 14:11:47,BTC-USDT,long,10.22,86274.5,2026-10-02T14:19:41.195807
2026-10-02 14:11:47,BTC-USDT,long,0.97,86274.5,2026-10-02T14:19:41.195807
2026-10-02 14:11:47,BTC-USDT,long,73.11,86274.5,2026-10-02T14:19:41.195807
2026-10-02 14:11:47,BTC-USDT,long,0.13,86283.7,2026-10-02T14:19:41.195807
2026-10-02 14:11:47,BTC-USDT,long,2.45,86283.7,2026-10-02T14:19:41.195807
2026-10-02 14:11:47,BTC-USDT,long,11.84,86283.7,2026-10-02T14:19:41.195807
2026-10-02 14:11:54,ETH-USDT,long,3.0,2732.09,2026-10-02T14:19:41.195807
2026-10-02 14:11:55,ETH-USDT,long,2.44,2732.05,2026-10-02T14:19:41.195807
2026-10-02 14:11:56,ETH-USDT,long,45.73,2731.91,2026-10-02T14:19:41.195807
2026-10-02 14:11:56,BTC-USDT,long,17.89,86277.2,2026-10-02T14:19:41.195807
2026-10-02 14:11:57,ETH-USDT,long,1.4,2731.79,2026-10-02T14:19:41.195807
2026-10-02 14:15:16,BTC-USDT,long,1.64,86264.8,2026-10-02T14:19:41.195807
2026-10-02 14:15:16,BTC-USDT,long,1.05,86264.8,2026-10-02T14:19:41.195807
2026-10-02 14:15:16,BTC-USDT,long,3.54,86261.2,2026-10-02T14:19:41.195807
2026-10-02 14:15:25,ETH-USDT,long,8.93,2731.61,2026-10-02T14:19:41.195807
2026-10-02 14:15:25,BTC-USDT,long,0.01,86264.7,2026-10-02T14:19:41.195807
2026-10-02 14:15:26,ETH-USDT,long,5.0,2731.25,2026-10-02T14:19:41.195807
2026-10-02 14:15:26,ETH-USDT,long,0.1,2731.34,2026-10-02T14:19:41.195807
2026-10-02 14:15:26,ETH-USDT,long,2.06,2731.34,2026-10-02T14:19:41.195807
2026-10-02 14:15:26,ETH-USDT,long,0.83,2731.34,2026-10-02T14:19:41.195807
2026-10-02 14:15:26,BTC-USDT,long,0.01,86257.3,2026-10-02T14:19:41.195807
2026-10-02 14:15:26,ETH-USDT,long,47.49,2731.25,2026-10-02T14:19:41.195807
2026-10-02 14:15:26,BTC-USDT,long,1.68,86257.3,2026-10-02T14:19:41.195807
2026-10-02 14:15:26,BTC-USDT,long,0.39,86257.3,2026-10-02T14:19:41.195807
2026-10-02 14:15:26,BTC-USDT,long,0.43,86253.8,2026-10-02T14:19:41.195807
2026-10-02 14:15:26,BTC-USDT,long,0.47,86253.8,2026-10-02T14:19:41.195807
2026-10-02 14:15:26,ETH-USDT,long,27.26,2731.34,2026-10-02T14:19:41.195807
2026-10-02 14:15:27,BTC-USDT,long,0.16,86252.6,2026-10-02T14:19:41.195807
2026-10-02 14:15:27,ETH-USDT,long,107.2,2731.06,2026-10-02T14:19:41.195807
2026-10-02 14:15:27,ETH-USDT,long,6.73,2730.91,2026-10-02T14:19:41.195807
2026-10-02 14:15:27,ETH-USDT,long,15.0,2730.91,2026-10-02T14:19:41.195807
2026-10-02 14:15:27,ETH-USDT,long,0.32,2731.12,2026-10-02T14:19:41.195807
2026-10-02 14:15:27,BTC-USDT,long,1.65,86252.6,2026-10-02T14:19:41.195807
2026-10-02 14:15:28,ETH-USDT,long,27.57,2730.82,2026-10-02T14:19:41.195807
2026-10-02 14:15:30,ETH-USDT,long,0.52,2730.7,2026-10-02T14:19:41.195807
2026-10-02 14:15:31,ETH-USDT,long,0.09,2730.7,2026-10-02T14:19:41.195807
2026-10-02 14:15:34,BTC-USDT,long,0.82,86238.9,2026-10-02T14:19:41.195807
2026-10-02 14:15:34,BTC-USDT,long,0.54,86238.9,2026-10-02T14:19:41.195807
2026-10-02 14:15:34,BTC-USDT,long,16.47,86241.6,2026-10-02T14:19:41.195807
2026-10-02 14:15:34,BTC-USDT,long,1.21,86241.6,2026-10-02T14:19:41.195807
2026-10-02 14:15:34,BTC-USDT,long,0.53,86241.6,2026-10-02T14:19:41.195807
2026-10-02 14:15:34,BTC-USDT,long,4.81,86241.6,2026-10-02T14:19:41.195807
2026-10-02 14:15:34,BTC-USDT,long,0.29,86241.6,2026-10-02T14:19:41.195807
2026-10-02 14:16:13,BTC-USDT,long,0.34,86227.0,2026-10-02T14:19:41.195807
2026-10-02 14:16:13,BTC-USDT,long,1.3,86227.0,2026-10-02T14:19:41.195807
2026-10-02 14:16:13,BTC-USDT,long,0.65,86227.0,2026-10-02T14:19:41.195807
2026-10-02 14:16:21,BTC-USDT,long,0.51,86207.4,2026-10-02T14:19:41.195807
2026-10-02 14:16:21,BTC-USDT,long,0.41,86207.4,2026-10-02T14:19:41.195807
2026-10-02 14:16:21,BTC-USDT,long,14.64,86207.4,2026-10-02T14:19:41.195807
2026-10-02 14:16:21,BTC-USDT,long,3.38,86207.4,2026-10-02T14:19:41.195807
2026-10-02 14:16:21,BTC-USDT,long,0.76,86217.3,2026-10-02T14:19:41.195807
2026-10-02 14:16:21,BTC-USDT,long,1.04,86217.3,2026-10-02T14:19:41.195807
2026-10-02 14:16:21,BTC-USDT,long,1.2,86217.3,2026-10-02T14:19:41.195807
2026-10-02 14:16:21,BTC-USDT,long,0.03,86207.4,2026-10-02T14:19:41.195807
2026-10-02 14:16:22,BTC-USDT,long,2.0,86199.5,2026-10-02T14:19:41.195807
2026-10-02 14:16:22,BTC-USDT,long,0.04,86199.5,2026-10-02T14:19:41.195807
2026-10-02 14:16:22,BTC-USDT,long,0.44,86195.8,2026-10-02T14:19:41.195807
2026-10-02 14:16:22,BTC-USDT,long,4.4,86195.8,2026-10-02T14:19:41.195807
2026-10-02 14:16:22,BTC-USDT,long,2.16,86195.8,2026-10-02T14:19:41.195807
2026-10-02 14:16:22,BTC-USDT,long,126.83,86195.8,2026-10-02T14:19:41.195807
