datetime,symbol,oi,oi_ccy,oi_usd,retrieved_at
2026-10-02 14:36,BTC,2975130.3400000115,29751.30340000012,2556258764.30107,2026-10-02T14:36:15.361216
2026-10-02 14:36,ETH,6286976.500000016,628697.6500000015,1713829793.9000044,2026-10-02T14:36:15.361216
2026-10-02 14:43,BTC,2986034.0900000106,29860.340900000105,2567212948.536609,2026-10-02T14:43:12.381547
2026-10-02 14:43,ETH,6288211.310000015,628821.1310000014,1714317320.177444,2026-10-02T14:43:12.381547
2026-10-02 14:47,BTC,2993383.8800000115,29933.83880000012,2571873522.32169,2026-10-02T14:47:10.937327
2026-10-02 14:47,ETH,6286584.280000014,628658.4280000015,1713037637.041484,2026-10-02T14:47:10.937327
2026-10-02 15:16,BTC,2947334.0000000075,29473.34000000008,2521120030.260006,2026-10-02T15:16:06.604526
2026-10-02 15:16,ETH,6093560.850000015,609356.0850000015,1647229649.654554,2026-10-02T15:16:06.604526
2026-10-02 15:24,BTC,2947036.370000008,29470.363700000074,2517715058.6547766,2026-10-02T15:24:41.623303
2026-10-02 15:24,ETH,6105785.000000014,610578.5000000014,1648812287.1850038,2026-10-02T15:24:41.623303
2026-10-02 15:29,BTC,2927513.530000008,29275.13530000008,2500099482.133537,2026-10-02T15:29:37.950119
2026-10-02 15:29,ETH,6086770.870000014,608677.0870000013,1642959453.5430138,2026-10-02T15:29:37.950119
2026-10-02 15:36,BTC,2932057.370000007,29320.573700000077,2505680519.311976,2026-10-02T15:36:15.039003
2026-10-02 15:36,ETH,6075658.170000015,607565.8170000014,1638781202.535934,2026-10-02T15:36:15.039003
2026-10-02 15:47,BTC,2936072.3100000094,29360.723100000094,2504284707.874478,2026-10-02T15:47:55.046332
2026-10-02 15:47,ETH,6071422.820000013,607142.2820000014,1635113093.9226637,2026-10-02T15:47:55.046332
