datetime,symbol,funding_rate,retrieved_at
2026-08-30 08:00,BTC,6.42880437465e-05,2026-10-02T15:47:54.327484
2026-08-30 08:00,ETH,6.94071199056e-05,2026-10-02T15:47:54.327484
2026-08-30 16:00,BTC,3.48896038312e-05,2026-10-02T16:21:13.559746
2026-08-30 16:00,ETH,1.21869737294e-05,2026-10-02T16:21:13.559746
2026-08-31 00:00,BTC,6.46500235042e-05,2026-10-03T06:55:29.075524
2026-08-31 00:00,ETH,5.79200283002e-05,2026-10-03T06:55:29.075524
2026-08-31 08:00,BTC,8.30510949862e-05,2026-10-03T15:55:29.451069
2026-08-31 08:00,ETH,3.6919220214e-05,2026-10-03T15:55:29.451069
2026-08-31 16:00,BTC,7.44588100483e-05,2026-10-03T15:55:29.451069
2026-08-31 16:00,ETH,4.8636158381e-05,2026-10-03T15:55:29.451069
2026-09-01 00:00,BTC,3.00643768007e-05,2026-10-04T06:38:03.099216
2026-09-01 00:00,ETH,5.59283721234e-05,2026-10-04T06:38:03.099216
2026-09-01 08:00,BTC,7.52851949628e-05,2026-10-04T08:53:43.080833
2026-09-01 08:00,ETH,7.60301736977e-05,2026-10-04T08:53:43.080833
2026-09-01 16:00,BTC,5.32184888605e-05,2026-10-04T08:53:43.080833
2026-09-01 16:00,ETH,8.29478306291e-05,2026-10-04T08:53:43.080833
2026-09-02 00:00,BTC,8.80327536236e-05,2026-10-05T06:34:37.499556
2026-09-02 00:00,ETH,8.19210647289e-05,2026-10-05T06:34:37.499556
2026-09-02 08:00,BTC,7.40231074545e-05,2026-10-05T15:23:48.487278
2026-09-02 08:00,ETH,3.12212330133e-05,2026-10-05T15:23:48.487278
2026-09-02 16:00,BTC,7.64625270974e-05,2026-10-05T15:23:48.487278
2026-09-02 16:00,ETH,7.57645008435e-05,2026-10-05T15:23:48.487278
2026-09-03 00:00,BTC,5.83196496528e-05,2026-10-05T15:23:48.487278
2026-09-03 00:00,ETH,0.0001,2026-10-05T15:23:48.487278
2026-09-03 08:00,BTC,4.57850394567e-05,2026-10-05T15:23:48.487278
2026-09-03 08:00,ETH,3.86701308021e-05,2026-10-05T15:23:48.487278
2026-09-03 16:00,BTC,3.83236146165e-05,2026-10-05T15:23:48.487278
2026-09-03 16:00,ETH,3.7410071876e-05,2026-10-05T15:23:48.487278
2026-09-04 00:00,BTC,4.18741079605e-05,2026-10-05T15:23:48.487278
2026-09-04 00:00,ETH,0.0001,2026-10-05T15:23:48.487278
2026-09-04 08:00,BTC,4.82484421847e-05,2026-10-05T15:23:48.487278
2026-09-04 08:00,ETH,7.50079024033e-05,2026-10-05T15:23:48.487278
2026-09-04 16:00,BTC,3.45512460052e-05,2026-10-05T15:23:48.487278
2026-09-04 16:00,ETH,4.37067677912e-05,2026-10-05T15:23:48.487278
2026-09-05 00:00,BTC,7.019044316e-07,2026-10-05T15:23:48.487278
2026-09-05 00:00,ETH,5.75932507952e-05,2026-10-05T15:23:48.487278
2026-09-05 08:00,BTC,-1.35375417752e-05,2026-10-05T15:23:48.487278
2026-09-05 08:00,ETH,6.27391853463e-05,2026-10-05T15:23:48.487278
2026-09-05 16:00,BTC,-2.71584359721e-05,2026-10-05T15:23:48.487278
2026-09-05 16:00,ETH,-1.60337352153e-05,2026-10-05T15:23:48.487278
2026-09-06 00:00,BTC,3.8666626551e-06,2026-10-05T15:23:48.487278
2026-09-06 00:00,ETH,1.72141241818e-05,2026-10-05T15:23:48.487278
2026-09-06 08:00,BTC,6.15200367402e-05,2026-10-05T15:23:48.487278
2026-09-06 08:00,ETH,9.17749340908e-05,2026-10-05T15:23:48.487278
2026-09-06 16:00,BTC,1.65550422837e-05,2026-10-05T15:23:48.487278
2026-09-06 16:00,ETH,2.47752870499e-05,2026-10-05T15:23:48.487278
2026-09-07 00:00,BTC,-1.5852940202e-06,2026-10-05T15:23:48.487278
2026-09-07 00:00,ETH,6.64078500437e-05,2026-10-05T15:23:48.487278
2026-09-07 08:00,BTC,3.22907364949e-05,2026-10-05T15:23:48.487278
2026-09-07 08:00,ETH,4.57620286772e-05,2026-10-05T15:23:48.487278
2026-09-07 16:00,BTC,3.05689714203e-05,2026-10-05T15:23:48.487278
2026-09-07 16:00,ETH,4.10905953666e-05,2026-10-05T15:23:48.487278
2026-09-08 00:00,BTC,2.95277728935e-05,2026-10-05T15:23:48.487278
2026-09-08 00:00,ETH,5.0312368003e-05,2026-10-05T15:23:48.487278
2026-09-08 08:00,BTC,5.70129775745e-05,2026-10-05T15:23:48.487278
2026-09-08 08:00,ETH,6.79861795016e-05,2026-10-05T15:23:48.487278
2026-09-08 16:00,BTC,6.40083735919e-05,2026-10-05T15:23:48.487278
2026-09-08 16:00,ETH,5.60015806449e-05,2026-10-05T15:23:48.487278
2026-09-09 00:00,BTC,4.80256460149e-05,2026-10-05T15:23:48.487278
2026-09-09 00:00,ETH,7.96599875772e-05,2026-10-05T15:23:48.487278
2026-09-09 08:00,BTC,6.77665088416e-05,2026-10-05T15:23:48.487278
2026-09-09 08:00,ETH,4.49698337612e-05,2026-10-05T15:23:48.487278
2026-09-09 16:00,BTC,6.95402575674e-05,2026-10-05T15:23:48.487278
2026-09-09 16:00,ETH,4.30724967348e-05,2026-10-05T15:23:48.487278
2026-09-10 00:00,BTC,4.94967424739e-05,2026-10-05T15:23:48.487278
2026-09-10 00:00,ETH,1.77947507675e-05,2026-10-05T15:23:48.487278
2026-09-10 08:00,BTC,7.58112245008e-05,2026-10-05T15:23:48.487278
2026-09-10 08:00,ETH,3.5623416911e-05,2026-10-05T15:23:48.487278
2026-09-10 16:00,BTC,9.65826457979e-05,2026-10-05T15:23:48.487278
2026-09-10 16:00,ETH,-6.04700439561e-05,2026-10-05T15:23:48.487278
2026-09-11 00:00,BTC,8.76022471315e-05,2026-10-05T15:23:48.487278
2026-09-11 00:00,ETH,3.0527365272e-05,2026-10-05T15:23:48.487278
2026-09-11 08:00,BTC,4.02928520367e-05,2026-10-05T15:23:48.487278
2026-09-11 08:00,ETH,2.20357972928e-05,2026-10-05T15:23:48.487278
2026-09-11 16:00,BTC,5.99316422609e-05,2026-10-05T15:23:48.487278
2026-09-11 16:00,ETH,0.0001,2026-10-05T15:23:48.487278
2026-09-12 00:00,BTC,3.24728593233e-05,2026-10-05T15:23:48.487278
2026-09-12 00:00,ETH,2.74278165033e-05,2026-10-05T15:23:48.487278
2026-09-12 08:00,BTC,8.5537509116e-05,2026-10-05T15:23:48.487278
2026-09-12 08:00,ETH,4.63075865203e-05,2026-10-05T15:23:48.487278
2026-09-12 16:00,BTC,3.6786576316e-05,2026-10-05T15:23:48.487278
2026-09-12 16:00,ETH,4.65474146334e-05,2026-10-05T15:23:48.487278
2026-09-13 00:00,BTC,4.970346915e-05,2026-10-05T15:23:48.487278
2026-09-13 00:00,ETH,0.0001,2026-10-05T15:23:48.487278
2026-09-13 08:00,BTC,7.17936320479e-05,2026-10-05T15:23:48.487278
2026-09-13 08:00,ETH,0.0001,2026-10-05T15:23:48.487278
2026-09-13 16:00,BTC,6.77157829221e-05,2026-10-05T15:23:48.487278
2026-09-13 16:00,ETH,-2.2404421942e-06,2026-10-05T15:23:48.487278
2026-09-14 00:00,BTC,4.69356233016e-05,2026-10-05T15:23:48.487278
2026-09-14 00:00,ETH,3.76153177377e-05,2026-10-05T15:23:48.487278
2026-09-14 08:00,BTC,5.66388203263e-05,2026-10-05T15:23:48.487278
2026-09-14 08:00,ETH,3.34154173438e-05,2026-10-05T15:23:48.487278
2026-09-14 16:00,BTC,4.62428221831e-05,2026-10-05T15:23:48.487278
2026-09-14 16:00,ETH,3.79744349834e-05,2026-10-05T15:23:48.487278
2026-09-15 00:00,BTC,2.67491342115e-05,2026-10-05T15:23:48.487278
2026-09-15 00:00,ETH,5.80420581764e-05,2026-10-05T15:23:48.487278
2026-09-15 08:00,BTC,3.32459151794e-05,2026-10-05T15:23:48.487278
2026-09-15 08:00,ETH,-4.328449742e-07,2026-10-05T15:23:48.487278
2026-09-15 16:00,BTC,8.25809944941e-05,2026-10-05T15:23:48.487278
2026-09-15 16:00,ETH,-6.8499187956e-06,2026-10-05T15:23:48.487278
2026-09-16 00:00,BTC,5.79570681267e-05,2026-10-05T15:23:48.487278
2026-09-16 00:00,ETH,-9.978293787e-07,2026-10-05T15:23:48.487278
2026-09-16 08:00,BTC,2.38063433416e-05,2026-10-05T15:23:48.487278
2026-09-16 08:00,ETH,3.390412665e-07,2026-10-05T15:23:48.487278
2026-09-16 16:00,BTC,3.99717187267e-05,2026-10-05T15:23:48.487278
2026-09-16 16:00,ETH,2.26156973371e-05,2026-10-05T15:23:48.487278
2026-09-17 00:00,BTC,8.65523413528e-05,2026-10-05T15:23:48.487278
2026-09-17 00:00,ETH,4.57572955238e-05,2026-10-05T15:23:48.487278
2026-09-17 08:00,BTC,5.06329180277e-05,2026-10-05T15:23:48.487278
2026-09-17 08:00,ETH,8.0923889959e-06,2026-10-05T15:23:48.487278
2026-09-17 16:00,BTC,8.88704148709e-05,2026-10-05T15:23:48.487278
2026-09-17 16:00,ETH,6.4613276465e-05,2026-10-05T15:23:48.487278
2026-09-18 00:00,BTC,7.6118853958e-05,2026-10-05T15:23:48.487278
2026-09-18 00:00,ETH,6.23463630662e-05,2026-10-05T15:23:48.487278
2026-09-18 08:00,BTC,5.9534112371e-05,2026-10-05T15:23:48.487278
2026-09-18 08:00,ETH,9.66188692278e-05,2026-10-05T15:23:48.487278
2026-09-18 16:00,BTC,8.98885586635e-05,2026-10-05T15:23:48.487278
2026-09-18 16:00,ETH,9.8214674002e-05,2026-10-05T15:23:48.487278
2026-09-19 00:00,BTC,0.0001,2026-10-05T15:23:48.487278
2026-09-19 00:00,ETH,0.0001,2026-10-05T15:23:48.487278
2026-09-19 08:00,BTC,0.0001,2026-10-05T15:23:48.487278
2026-09-19 08:00,ETH,8.1149713026e-05,2026-10-05T15:23:48.487278
2026-09-19 16:00,BTC,0.0001,2026-10-05T15:23:48.487278
2026-09-19 16:00,ETH,3.68269314162e-05,2026-10-05T15:23:48.487278
2026-09-20 00:00,BTC,0.0001,2026-10-05T15:23:48.487278
2026-09-20 00:00,ETH,6.32459051249e-05,2026-10-05T15:23:48.487278
2026-09-20 08:00,BTC,0.0001,2026-10-05T15:23:48.487278
2026-09-20 08:00,ETH,4.44469896585e-05,2026-10-05T15:23:48.487278
2026-09-20 16:00,BTC,7.85786760489e-05,2026-10-05T15:23:48.487278
2026-09-20 16:00,ETH,2.62548422972e-05,2026-10-05T15:23:48.487278
2026-09-21 00:00,BTC,9.25806509055e-05,2026-10-05T15:23:48.487278
2026-09-21 00:00,ETH,3.61732078078e-05,2026-10-05T15:23:48.487278
2026-09-21 08:00,BTC,0.0001,2026-10-05T15:23:48.487278
2026-09-21 08:00,ETH,7.94075120523e-05,2026-10-05T15:23:48.487278
2026-09-21 16:00,BTC,2.02484424372e-05,2026-10-05T15:23:48.487278
2026-09-21 16:00,ETH,1.09616503395e-05,2026-10-05T15:23:48.487278
2026-09-22 00:00,BTC,0.0001,2026-10-05T15:23:48.487278
2026-09-22 00:00,ETH,2.07394154529e-05,2026-10-05T15:23:48.487278
2026-09-22 08:00,BTC,0.0001,2026-10-05T15:23:48.487278
2026-09-22 08:00,ETH,7.74000801592e-05,2026-10-05T15:23:48.487278
2026-09-22 16:00,BTC,5.44099189888e-05,2026-10-05T15:23:48.487278
2026-09-22 16:00,ETH,5.70862834719e-05,2026-10-05T15:23:48.487278
2026-09-23 00:00,BTC,2.13003233594e-05,2026-10-05T15:23:48.487278
2026-09-23 00:00,ETH,8.17322756499e-05,2026-10-05T15:23:48.487278
2026-09-23 08:00,BTC,3.62440300664e-05,2026-10-05T15:23:48.487278
2026-09-23 08:00,ETH,5.36087227332e-05,2026-10-05T15:23:48.487278
2026-09-23 16:00,BTC,9.47238992798e-05,2026-10-05T15:23:48.487278
2026-09-23 16:00,ETH,4.38692750094e-05,2026-10-05T15:23:48.487278
2026-09-24 00:00,BTC,4.9510158647e-06,2026-10-05T15:23:48.487278
2026-09-24 00:00,ETH,3.00201060969e-05,2026-10-05T15:23:48.487278
2026-09-24 08:00,BTC,2.95458146601e-05,2026-10-05T15:23:48.487278
2026-09-24 08:00,ETH,2.00868425887e-05,2026-10-05T15:23:48.487278
2026-09-24 16:00,BTC,-3.2786158009e-06,2026-10-05T15:23:48.487278
2026-09-24 16:00,ETH,4.16067943587e-05,2026-10-05T15:23:48.487278
2026-09-25 00:00,BTC,-3.7995722708e-06,2026-10-05T15:23:48.487278
2026-09-25 00:00,ETH,-3.36740302821e-05,2026-10-05T15:23:48.487278
2026-09-25 08:00,BTC,7.18624451426e-05,2026-10-05T15:23:48.487278
2026-09-25 08:00,ETH,5.53081588177e-05,2026-10-05T15:23:48.487278
2026-09-25 16:00,BTC,3.41625964238e-05,2026-10-05T15:23:48.487278
2026-09-25 16:00,ETH,4.806880535e-07,2026-10-05T15:23:48.487278
2026-09-26 00:00,BTC,1.70028374203e-05,2026-10-05T15:23:48.487278
2026-09-26 00:00,ETH,3.43398769675e-05,2026-10-05T15:23:48.487278
2026-09-26 08:00,BTC,2.0707330059e-05,2026-10-05T15:23:48.487278
2026-09-26 08:00,ETH,2.5723236544e-05,2026-10-05T15:23:48.487278
2026-09-26 16:00,BTC,-5.5621777386e-06,2026-10-05T15:23:48.487278
2026-09-26 16:00,ETH,1.78456167672e-05,2026-10-05T15:23:48.487278
2026-09-27 00:00,BTC,-8.7510286654e-06,2026-10-05T15:23:48.487278
2026-09-27 00:00,ETH,2.90877572136e-05,2026-10-05T15:23:48.487278
2026-09-27 08:00,BTC,-1.81443987004e-05,2026-10-05T15:23:48.487278
2026-09-27 08:00,ETH,4.23029555095e-05,2026-10-05T15:23:48.487278
2026-09-27 16:00,BTC,-1.07439144441e-05,2026-10-05T15:23:48.487278
2026-09-27 16:00,ETH,5.73824746084e-05,2026-10-05T15:23:48.487278
2026-09-28 00:00,BTC,4.59235224734e-05,2026-10-05T15:23:48.487278
2026-09-28 00:00,ETH,3.8297750662e-05,2026-10-05T15:23:48.487278
2026-09-28 08:00,BTC,-7.6067766736e-06,2026-10-05T15:23:48.487278
2026-09-28 08:00,ETH,-6.190806708e-06,2026-10-05T15:23:48.487278
2026-09-28 16:00,BTC,7.09507874477e-05,2026-10-05T15:23:48.487278
2026-09-28 16:00,ETH,2.93116680404e-05,2026-10-05T15:23:48.487278
2026-09-29 00:00,BTC,5.43754330817e-05,2026-10-05T15:23:48.487278
2026-09-29 00:00,ETH,6.19488827078e-05,2026-10-05T15:23:48.487278
2026-09-29 08:00,BTC,2.54900915325e-05,2026-10-05T15:23:48.487278
2026-09-29 08:00,ETH,5.72899115064e-05,2026-10-05T15:23:48.487278
2026-09-29 16:00,BTC,3.29384702947e-05,2026-10-05T15:23:48.487278
2026-09-29 16:00,ETH,5.98415868892e-05,2026-10-05T15:23:48.487278
2026-09-30 00:00,BTC,0.0001,2026-10-05T15:23:48.487278
2026-09-30 00:00,ETH,5.75797520932e-05,2026-10-05T15:23:48.487278
2026-09-30 08:00,BTC,3.37200721784e-05,2026-10-05T15:23:48.487278
2026-09-30 08:00,ETH,6.15081366215e-05,2026-10-05T15:23:48.487278
2026-09-30 16:00,BTC,3.67519063153e-05,2026-10-05T15:23:48.487278
2026-09-30 16:00,ETH,3.67831028786e-05,2026-10-05T15:23:48.487278
2026-10-01 00:00,BTC,5.30190324008e-05,2026-10-05T15:23:48.487278
2026-10-01 00:00,ETH,1.67965303342e-05,2026-10-05T15:23:48.487278
2026-10-01 08:00,BTC,2.10721559119e-05,2026-10-05T15:23:48.487278
2026-10-01 08:00,ETH,8.05030353776e-05,2026-10-05T15:23:48.487278
2026-10-01 16:00,BTC,6.2504860528e-05,2026-10-05T15:23:48.487278
2026-10-01 16:00,ETH,4.02660948329e-05,2026-10-05T15:23:48.487278
2026-10-02 00:00,BTC,3.2181372956e-06,2026-10-05T15:23:48.487278
2026-10-02 00:00,ETH,1.48696644614e-05,2026-10-05T15:23:48.487278
2026-10-02 08:00,BTC,7.09670858217e-05,2026-10-05T15:23:48.487278
2026-10-02 08:00,ETH,7.53291922106e-05,2026-10-05T15:23:48.487278
2026-10-02 16:00,BTC,4.62739056724e-05,2026-10-05T15:23:48.487278
2026-10-02 16:00,ETH,2.13347302319e-05,2026-10-05T15:23:48.487278
2026-10-03 00:00,BTC,-9.370733822e-07,2026-10-05T15:23:48.487278
2026-10-03 00:00,ETH,7.1819385948e-06,2026-10-05T15:23:48.487278
2026-10-03 08:00,BTC,3.0987742263e-05,2026-10-05T15:23:48.487278
2026-10-03 08:00,ETH,4.39784240533e-05,2026-10-05T15:23:48.487278
2026-10-03 16:00,BTC,3.36322394985e-05,2026-10-05T15:23:48.487278
2026-10-03 16:00,ETH,1.22246723837e-05,2026-10-05T15:23:48.487278
2026-10-04 00:00,BTC,2.79108236201e-05,2026-10-05T15:23:48.487278
2026-10-04 00:00,ETH,3.65301519219e-05,2026-10-05T15:23:48.487278
2026-10-04 08:00,BTC,1.39230909643e-05,2026-10-05T15:23:48.487278
2026-10-04 08:00,ETH,1.8149919347e-05,2026-10-05T15:23:48.487278
2026-10-04 16:00,BTC,4.79022334781e-05,2026-10-05T15:23:48.487278
2026-10-04 16:00,ETH,4.22476384199e-05,2026-10-05T15:23:48.487278
2026-10-05 00:00,BTC,7.05682759309e-05,2026-10-05T15:23:48.487278
2026-10-05 00:00,ETH,0.0001,2026-10-05T15:23:48.487278
2026-10-05 08:00,BTC,4.38490354753e-05,2026-10-05T15:23:48.487278
2026-10-05 08:00,ETH,3.75724746479e-05,2026-10-05T15:23:48.487278
