date,series,value,retrieved_at
2026-07-06,TGA,783.107,2026-10-04T08:53:50.436849
2026-07-07,TGA,784.964,2026-10-05T06:34:47.680274
2026-07-08,TGA,749.244,2026-10-05T06:34:47.680274
2026-07-09,TGA,744.637,2026-10-05T06:34:47.680274
2026-07-10,TGA,738.273,2026-10-05T06:34:47.680274
2026-07-13,TGA,750.282,2026-10-05T06:34:47.680274
2026-07-14,TGA,787.814,2026-10-05T06:34:47.680274
2026-07-15,TGA,795.976,2026-10-05T06:34:47.680274
2026-07-16,TGA,822.51,2026-10-05T06:34:47.680274
2026-07-17,TGA,815.418,2026-10-05T06:34:47.680274
2026-07-20,TGA,828.197,2026-10-05T06:34:47.680274
2026-07-21,TGA,874.98,2026-10-05T06:34:47.680274
2026-07-22,TGA,835.417,2026-10-05T06:34:47.680274
2026-07-23,TGA,877.201,2026-10-05T06:34:47.680274
2026-07-24,TGA,886.3,2026-10-05T06:34:47.680274
2026-07-27,TGA,902.751,2026-10-05T06:34:47.680274
2026-07-28,TGA,966.136,2026-10-05T06:34:47.680274
2026-07-29,TGA,970.442,2026-10-05T06:34:47.680274
2026-07-30,TGA,997.946,2026-10-05T06:34:47.680274
2026-07-31,TGA,876.566,2026-10-05T06:34:47.680274
2026-08-03,TGA,870.083,2026-10-05T06:34:47.680274
2026-08-04,TGA,924.219,2026-10-05T06:34:47.680274
2026-08-05,TGA,929.325,2026-10-05T06:34:47.680274
2026-08-06,TGA,961.726,2026-10-05T06:34:47.680274
2026-08-07,TGA,954.113,2026-10-05T06:34:47.680274
2026-08-10,TGA,966.851,2026-10-05T06:34:47.680274
2026-08-11,TGA,997.33,2026-10-05T06:34:47.680274
2026-08-12,TGA,959.405,2026-10-05T06:34:47.680274
2026-08-13,TGA,966.587,2026-10-05T06:34:47.680274
2026-08-14,TGA,959.184,2026-10-05T06:34:47.680274
2026-08-17,TGA,932.785,2026-10-05T06:34:47.680274
2026-08-18,TGA,961.952,2026-10-05T06:34:47.680274
2026-08-19,TGA,936.406,2026-10-05T06:34:47.680274
2026-08-20,TGA,935.077,2026-10-05T06:34:47.680274
2026-08-21,TGA,933.218,2026-10-05T06:34:47.680274
2026-08-24,TGA,966.849,2026-10-05T06:34:47.680274
2026-08-25,TGA,994.137,2026-10-05T06:34:47.680274
2026-08-26,TGA,959.435,2026-10-05T06:34:47.680274
2026-08-27,TGA,950.804,2026-10-05T06:34:47.680274
2026-08-28,TGA,971.343,2026-10-05T06:34:47.680274
2026-08-31,TGA,1023.554,2026-10-05T06:34:47.680274
2026-09-01,TGA,942.793,2026-10-05T06:34:47.680274
2026-09-02,TGA,944.364,2026-10-05T06:34:47.680274
2026-09-03,TGA,903.928,2026-10-05T06:34:47.680274
2026-09-04,TGA,888.923,2026-10-05T06:34:47.680274
2026-09-08,TGA,880.019,2026-10-05T06:34:47.680274
2026-09-09,TGA,843.705,2026-10-05T06:34:47.680274
2026-09-10,TGA,818.11,2026-10-05T06:34:47.680274
2026-09-11,TGA,822.2,2026-10-05T06:34:47.680274
2026-09-14,TGA,871.224,2026-10-05T06:34:47.680274
2026-09-15,TGA,991.557,2026-10-05T06:34:47.680274
2026-09-16,TGA,991.708,2026-10-05T06:34:47.680274
2026-09-17,TGA,972.675,2026-10-05T06:34:47.680274
2026-09-18,TGA,985.932,2026-10-05T06:34:47.680274
2026-09-21,TGA,1004.391,2026-10-05T06:34:47.680274
2026-09-22,TGA,957.409,2026-10-05T06:34:47.680274
2026-09-23,TGA,947.317,2026-10-05T06:34:47.680274
2026-09-24,TGA,924.627,2026-10-05T06:34:47.680274
2026-09-25,TGA,945.29,2026-10-05T06:34:47.680274
2026-09-28,TGA,959.572,2026-10-05T06:34:47.680274
2026-09-29,TGA,936.6,2026-10-05T06:34:47.680274
2026-09-30,TGA,984.046,2026-10-05T06:34:47.680274
2026-10-01,TGA,893.699,2026-10-05T06:34:47.680274
