date,symbol,value,retrieved_at
2026-06-02,VIX,15.770000457763672,2026-10-05T13:45:39.028016
2026-06-03,VIX,16.059999465942383,2026-10-05T13:45:39.028016
2026-06-04,VIX,15.399999618530273,2026-10-05T13:45:39.028016
2026-06-05,VIX,21.510000228881836,2026-10-05T13:45:39.028016
2026-06-08,VIX,18.920000076293945,2026-10-05T13:45:39.028016
2026-06-09,VIX,19.8700008392334,2026-10-05T13:45:39.028016
2026-06-10,VIX,22.219999313354492,2026-10-05T13:45:39.028016
2026-06-11,VIX,19.440000534057617,2026-10-05T13:45:39.028016
2026-06-12,VIX,17.68000030517578,2026-10-05T13:45:39.028016
2026-06-15,VIX,16.200000762939453,2026-10-05T13:45:39.028016
2026-06-16,VIX,16.40999984741211,2026-10-05T13:45:39.028016
2026-06-17,VIX,18.440000534057617,2026-10-05T13:45:39.028016
2026-06-18,VIX,16.399999618530273,2026-10-05T13:45:39.028016
2026-06-22,DXY,101.0199966430664,2026-10-05T13:45:39.028016
2026-06-22,GOLD,4202.7001953125,2026-10-05T13:45:39.028016
2026-06-22,OIL,74.81999969482422,2026-10-05T13:45:39.028016
2026-06-22,VIX,17.280000686645508,2026-10-05T13:45:39.028016
2026-06-23,DXY,101.41000366210938,2026-10-05T13:45:39.028016
2026-06-23,GOLD,4149.39990234375,2026-10-05T13:45:39.028016
2026-06-23,OIL,73.20999908447266,2026-10-05T13:45:39.028016
2026-06-23,VIX,19.489999771118164,2026-10-05T13:45:39.028016
2026-06-24,DXY,101.61000061035156,2026-10-05T13:45:39.028016
2026-06-24,GOLD,4008.800048828125,2026-10-05T13:45:39.028016
2026-06-24,OIL,70.33999633789062,2026-10-05T13:45:39.028016
2026-06-24,VIX,18.6299991607666,2026-10-05T13:45:39.028016
2026-06-25,DXY,101.43000030517578,2026-10-05T13:45:39.028016
2026-06-25,GOLD,4047.60009765625,2026-10-05T13:45:39.028016
2026-06-25,OIL,71.91999816894531,2026-10-05T13:45:39.028016
2026-06-25,VIX,18.889999389648438,2026-10-05T13:45:39.028016
2026-06-26,DXY,101.36000061035156,2026-10-05T13:45:39.028016
2026-06-26,GOLD,4096.2998046875,2026-10-05T13:45:39.028016
2026-06-26,OIL,69.2300033569336,2026-10-05T13:45:39.028016
2026-06-26,VIX,18.40999984741211,2026-10-05T13:45:39.028016
2026-06-29,DXY,101.11000061035156,2026-10-05T13:45:39.028016
2026-06-29,GOLD,4038.89990234375,2026-10-05T13:45:39.028016
2026-06-29,OIL,70.75,2026-10-05T13:45:39.028016
2026-06-29,VIX,17.649999618530273,2026-10-05T13:45:39.028016
2026-06-30,DXY,101.19000244140625,2026-10-05T13:45:39.028016
2026-06-30,GOLD,4038.5,2026-10-05T13:45:39.028016
2026-06-30,OIL,69.5,2026-10-05T13:45:39.028016
2026-06-30,VIX,16.450000762939453,2026-10-05T13:45:39.028016
2026-07-01,DXY,101.38999938964844,2026-10-05T13:45:39.028016
2026-07-01,GOLD,4082.39990234375,2026-10-05T13:45:39.028016
2026-07-01,OIL,68.58000183105469,2026-10-05T13:45:39.028016
2026-07-01,VIX,16.59000015258789,2026-10-05T13:45:39.028016
2026-07-02,DXY,100.86000061035156,2026-10-05T13:45:39.028016
2026-07-02,GOLD,4125.7001953125,2026-10-05T13:45:39.028016
2026-07-02,OIL,68.69000244140625,2026-10-05T13:45:39.028016
2026-07-02,VIX,16.149999618530273,2026-10-05T13:45:39.028016
2026-07-06,DXY,100.8499984741211,2026-10-05T13:45:39.028016
2026-07-06,GOLD,4167.5,2026-10-05T13:45:39.028016
2026-07-06,OIL,68.55000305175781,2026-10-05T13:45:39.028016
2026-07-06,VIX,15.569999694824219,2026-10-05T13:45:39.028016
2026-07-07,DXY,101.13999938964844,2026-10-05T13:45:39.028016
2026-07-07,GOLD,4157.39990234375,2026-10-05T13:45:39.028016
2026-07-07,OIL,70.44000244140625,2026-10-05T13:45:39.028016
2026-07-07,VIX,16.1299991607666,2026-10-05T13:45:39.028016
2026-07-08,DXY,101.05000305175781,2026-10-05T13:45:39.028016
2026-07-08,GOLD,4082.39990234375,2026-10-05T13:45:39.028016
2026-07-08,OIL,73.5199966430664,2026-10-05T13:45:39.028016
2026-07-08,VIX,16.899999618530273,2026-10-05T13:45:39.028016
2026-07-09,DXY,100.94000244140625,2026-10-05T13:45:39.028016
2026-07-09,GOLD,4140.7998046875,2026-10-05T13:45:39.028016
2026-07-09,OIL,72.08000183105469,2026-10-05T13:45:39.028016
2026-07-09,VIX,15.84000015258789,2026-10-05T13:45:39.028016
2026-07-10,DXY,100.97000122070312,2026-10-05T13:45:39.028016
2026-07-10,GOLD,4113.7001953125,2026-10-05T13:45:39.028016
2026-07-10,OIL,71.41000366210938,2026-10-05T13:45:39.028016
2026-07-10,VIX,15.029999732971191,2026-10-05T13:45:39.028016
2026-07-13,DXY,101.27999877929688,2026-10-05T13:45:39.028016
2026-07-13,GOLD,4005.699951171875,2026-10-05T13:45:39.028016
2026-07-13,OIL,78.13999938964844,2026-10-05T13:45:39.028016
2026-07-13,VIX,17.15999984741211,2026-10-05T13:45:39.028016
2026-07-14,DXY,100.94000244140625,2026-10-05T13:45:39.028016
2026-07-14,GOLD,4069.699951171875,2026-10-05T13:45:39.028016
2026-07-14,OIL,79.33999633789062,2026-10-05T13:45:39.028016
2026-07-14,VIX,16.5,2026-10-05T13:45:39.028016
2026-07-15,DXY,100.5,2026-10-05T13:45:39.028016
2026-07-15,GOLD,4051.800048828125,2026-10-05T13:45:39.028016
2026-07-15,OIL,79.5999984741211,2026-10-05T13:45:39.028016
2026-07-15,VIX,15.670000076293945,2026-10-05T13:45:39.028016
2026-07-16,DXY,100.7300033569336,2026-10-05T13:45:39.028016
2026-07-16,GOLD,3992.10009765625,2026-10-05T13:45:39.028016
2026-07-16,OIL,78.94999694824219,2026-10-05T13:45:39.028016
2026-07-16,VIX,16.729999542236328,2026-10-05T13:45:39.028016
2026-07-17,DXY,100.75,2026-10-05T13:45:39.028016
2026-07-17,GOLD,4018.800048828125,2026-10-05T13:45:39.028016
2026-07-17,OIL,82.48999786376953,2026-10-05T13:45:39.028016
2026-07-17,VIX,18.770000457763672,2026-10-05T13:45:39.028016
2026-07-20,DXY,100.98999786376953,2026-10-05T13:45:39.028016
2026-07-20,GOLD,4015.89990234375,2026-10-05T13:45:39.028016
2026-07-20,OIL,83.2300033569336,2026-10-05T13:45:39.028016
2026-07-20,VIX,18.649999618530273,2026-10-05T13:45:39.028016
2026-07-21,DXY,101.18000030517578,2026-10-05T13:45:39.028016
2026-07-21,GOLD,4076.39990234375,2026-10-05T13:45:39.028016
2026-07-21,OIL,84.91000366210938,2026-10-05T13:45:39.028016
2026-07-21,VIX,17.049999237060547,2026-10-05T13:45:39.028016
2026-07-22,DXY,101.13999938964844,2026-10-05T13:45:39.028016
2026-07-22,GOLD,4151.89990234375,2026-10-05T13:45:39.028016
2026-07-22,OIL,86.83000183105469,2026-10-05T13:45:39.028016
2026-07-22,VIX,16.639999389648438,2026-10-05T13:45:39.028016
2026-07-23,DXY,101.43000030517578,2026-10-05T13:45:39.028016
2026-07-23,GOLD,4050.199951171875,2026-10-05T13:45:39.028016
2026-07-23,OIL,92.19000244140625,2026-10-05T13:45:39.028016
2026-07-23,VIX,18.700000762939453,2026-10-05T13:45:39.028016
2026-07-24,DXY,101.47000122070312,2026-10-05T13:45:39.028016
2026-07-24,GOLD,4070.800048828125,2026-10-05T13:45:39.028016
2026-07-24,OIL,89.30999755859375,2026-10-05T13:45:39.028016
2026-07-24,VIX,18.579999923706055,2026-10-05T13:45:39.028016
2026-07-27,DXY,101.51000213623047,2026-10-05T13:45:39.028016
2026-07-27,GOLD,4077.0,2026-10-05T13:45:39.028016
2026-07-27,OIL,82.61000061035156,2026-10-05T13:45:39.028016
2026-07-27,VIX,18.670000076293945,2026-10-05T13:45:39.028016
2026-07-28,DXY,101.37999725341797,2026-10-05T13:45:39.028016
2026-07-28,GOLD,4038.699951171875,2026-10-05T13:45:39.028016
2026-07-28,OIL,79.26000213623047,2026-10-05T13:45:39.028016
2026-07-28,VIX,18.209999084472656,2026-10-05T13:45:39.028016
2026-07-29,DXY,100.80000305175781,2026-10-05T13:45:39.028016
2026-07-29,GOLD,4036.300048828125,2026-10-05T13:45:39.028016
2026-07-29,OIL,84.45999908447266,2026-10-05T13:45:39.028016
2026-07-29,VIX,20.65999984741211,2026-10-05T13:45:39.028016
2026-07-30,DXY,100.01000213623047,2026-10-05T13:45:39.028016
2026-07-30,GOLD,4100.10009765625,2026-10-05T13:45:39.028016
2026-07-30,OIL,83.58999633789062,2026-10-05T13:45:39.028016
2026-07-30,VIX,17.09000015258789,2026-10-05T13:45:39.028016
2026-07-31,DXY,99.80000305175781,2026-10-05T13:45:39.028016
2026-07-31,GOLD,4107.0,2026-10-05T13:45:39.028016
2026-07-31,OIL,84.66999816894531,2026-10-05T13:45:39.028016
2026-07-31,VIX,15.989999771118164,2026-10-05T13:45:39.028016
2026-08-03,DXY,99.95999908447266,2026-10-05T13:45:39.028016
2026-08-03,GOLD,4090.5,2026-10-05T13:45:39.028016
2026-08-03,OIL,80.33999633789062,2026-10-05T13:45:39.028016
2026-08-03,VIX,15.859999656677246,2026-10-05T13:45:39.028016
2026-08-04,DXY,99.88999938964844,2026-10-05T13:45:39.028016
2026-08-04,GOLD,4152.60009765625,2026-10-05T13:45:39.028016
2026-08-04,OIL,75.7699966430664,2026-10-05T13:45:39.028016
2026-08-04,VIX,16.5,2026-10-05T13:45:39.028016
2026-08-05,DXY,99.69000244140625,2026-10-05T13:45:39.028016
2026-08-05,GOLD,4305.2001953125,2026-10-05T13:45:39.028016
2026-08-05,OIL,75.22000122070312,2026-10-05T13:45:39.028016
2026-08-05,VIX,15.8100004196167,2026-10-05T13:45:39.028016
2026-08-06,DXY,99.97000122070312,2026-10-05T13:45:39.028016
2026-08-06,GOLD,4299.60009765625,2026-10-05T13:45:39.028016
2026-08-06,OIL,77.29000091552734,2026-10-05T13:45:39.028016
2026-08-06,VIX,15.149999618530273,2026-10-05T13:45:39.028016
2026-08-07,DXY,99.5999984741211,2026-10-05T13:45:39.028016
2026-08-07,GOLD,4399.7001953125,2026-10-05T13:45:39.028016
2026-08-07,OIL,78.18000030517578,2026-10-05T13:45:39.028016
2026-08-07,VIX,14.899999618530273,2026-10-05T13:45:39.028016
2026-08-10,DXY,99.80999755859375,2026-10-05T13:45:39.028016
2026-08-10,GOLD,4419.7001953125,2026-10-05T13:45:39.028016
2026-08-10,OIL,82.12999725341797,2026-10-05T13:45:39.028016
2026-08-10,VIX,15.460000038146973,2026-10-05T13:45:39.028016
2026-08-11,DXY,99.81999969482422,2026-10-05T13:45:39.028016
2026-08-11,GOLD,4441.10009765625,2026-10-05T13:45:39.028016
2026-08-11,OIL,83.19999694824219,2026-10-05T13:45:39.028016
2026-08-11,VIX,15.279999732971191,2026-10-05T13:45:39.028016
2026-08-12,DXY,100.01000213623047,2026-10-05T13:45:39.028016
2026-08-12,GOLD,4467.5,2026-10-05T13:45:39.028016
2026-08-12,OIL,83.2699966430664,2026-10-05T13:45:39.028016
2026-08-12,VIX,14.550000190734863,2026-10-05T13:45:39.028016
2026-08-13,DXY,99.95999908447266,2026-10-05T13:45:39.028016
2026-08-13,GOLD,4420.39990234375,2026-10-05T13:45:39.028016
2026-08-13,OIL,81.25,2026-10-05T13:45:39.028016
2026-08-13,VIX,14.630000114440918,2026-10-05T13:45:39.028016
2026-08-14,DXY,99.66999816894531,2026-10-05T13:45:39.028016
2026-08-14,GOLD,4437.2998046875,2026-10-05T13:45:39.028016
2026-08-14,OIL,82.4000015258789,2026-10-05T13:45:39.028016
2026-08-14,VIX,14.25,2026-10-05T13:45:39.028016
2026-08-17,DXY,99.63999938964844,2026-10-05T13:45:39.028016
2026-08-17,GOLD,4473.7001953125,2026-10-05T13:45:39.028016
2026-08-17,OIL,84.5,2026-10-05T13:45:39.028016
2026-08-17,VIX,15.1899995803833,2026-10-05T13:45:39.028016
2026-08-18,DXY,99.6500015258789,2026-10-05T13:45:39.028016
2026-08-18,GOLD,4420.60009765625,2026-10-05T13:45:39.028016
2026-08-18,OIL,84.94000244140625,2026-10-05T13:45:39.028016
2026-08-18,VIX,15.84000015258789,2026-10-05T13:45:39.028016
2026-08-19,DXY,98.83000183105469,2026-10-05T13:45:39.028016
2026-08-19,GOLD,4545.2998046875,2026-10-05T13:45:39.028016
2026-08-19,OIL,85.83000183105469,2026-10-05T13:45:39.028016
2026-08-19,VIX,14.890000343322754,2026-10-05T13:45:39.028016
2026-08-20,DXY,98.9000015258789,2026-10-05T13:45:39.028016
2026-08-20,GOLD,4571.39990234375,2026-10-05T13:45:39.028016
2026-08-20,OIL,87.83000183105469,2026-10-05T13:45:39.028016
2026-08-20,VIX,16.010000228881836,2026-10-05T13:45:39.028016
2026-08-21,DXY,98.80000305175781,2026-10-05T13:45:39.028016
2026-08-21,GOLD,4680.60009765625,2026-10-05T13:45:39.028016
2026-08-21,OIL,87.05999755859375,2026-10-05T13:45:39.028016
2026-08-21,VIX,15.130000114440918,2026-10-05T13:45:39.028016
2026-08-24,DXY,99.0,2026-10-05T13:45:39.028016
2026-08-24,GOLD,4697.7998046875,2026-10-05T13:45:39.028016
2026-08-24,OIL,85.01000213623047,2026-10-05T13:45:39.028016
2026-08-24,VIX,15.850000381469727,2026-10-05T13:45:39.028016
2026-08-25,DXY,98.91999816894531,2026-10-05T13:45:39.028016
2026-08-25,GOLD,4694.5,2026-10-05T13:45:39.028016
2026-08-25,OIL,82.36000061035156,2026-10-05T13:45:39.028016
2026-08-25,VIX,15.449999809265137,2026-10-05T13:45:39.028016
2026-08-26,DXY,99.16999816894531,2026-10-05T13:45:39.028016
2026-08-26,GOLD,4653.2998046875,2026-10-05T13:45:39.028016
2026-08-26,OIL,82.2300033569336,2026-10-05T13:45:39.028016
2026-08-26,VIX,15.210000038146973,2026-10-05T13:45:39.028016
2026-08-27,DXY,99.16000366210938,2026-10-05T13:45:39.028016
2026-08-27,GOLD,4664.0,2026-10-05T13:45:39.028016
2026-08-27,OIL,83.52999877929688,2026-10-05T13:45:39.028016
2026-08-27,VIX,14.510000228881836,2026-10-05T13:45:39.028016
2026-08-28,DXY,99.69999694824219,2026-10-05T13:45:39.028016
2026-08-28,GOLD,4529.89990234375,2026-10-05T13:45:39.028016
2026-08-28,OIL,83.4000015258789,2026-10-05T13:45:39.028016
2026-08-28,VIX,14.430000305175781,2026-10-05T13:45:39.028016
2026-08-31,DXY,99.43000030517578,2026-10-05T13:45:39.028016
2026-08-31,GOLD,4481.5,2026-10-05T13:45:39.028016
2026-08-31,OIL,85.76000213623047,2026-10-05T13:45:39.028016
2026-08-31,VIX,14.920000076293945,2026-10-05T13:45:39.028016
2026-09-01,DXY,99.66999816894531,2026-10-05T13:45:39.028016
2026-09-01,GOLD,4396.39990234375,2026-10-05T13:45:39.028016
2026-09-01,OIL,90.22000122070312,2026-10-05T13:45:39.028016
2026-09-01,VIX,16.34000015258789,2026-10-05T13:45:39.028016
2026-09-02,DXY,99.55999755859375,2026-10-05T13:45:39.028016
2026-09-02,GOLD,4414.60009765625,2026-10-05T13:45:39.028016
2026-09-02,OIL,91.01000213623047,2026-10-05T13:45:39.028016
2026-09-02,VIX,15.199999809265137,2026-10-05T13:45:39.028016
2026-09-03,DXY,99.0,2026-10-05T13:45:39.028016
2026-09-03,GOLD,4539.89990234375,2026-10-05T13:45:39.028016
2026-09-03,OIL,91.30000305175781,2026-10-05T13:45:39.028016
2026-09-03,VIX,14.319999694824219,2026-10-05T13:45:39.028016
2026-09-04,DXY,99.16000366210938,2026-10-05T13:45:39.028016
2026-09-04,GOLD,4476.60009765625,2026-10-05T13:45:39.028016
2026-09-04,OIL,91.4800033569336,2026-10-05T13:45:39.028016
2026-09-04,VIX,14.529999732971191,2026-10-05T13:45:39.028016
2026-09-07,VIX,15.300000190734863,2026-10-05T13:45:39.028016
2026-09-08,DXY,98.83999633789062,2026-10-05T13:45:39.028016
2026-09-08,GOLD,4439.0,2026-10-05T13:45:39.028016
2026-09-08,OIL,93.02999877929688,2026-10-05T13:45:39.028016
2026-09-08,VIX,15.720000267028809,2026-10-05T13:45:39.028016
2026-09-09,DXY,98.7699966430664,2026-10-05T13:45:39.028016
2026-09-09,GOLD,4460.7001953125,2026-10-05T13:45:39.028016
2026-09-09,OIL,96.05000305175781,2026-10-05T13:45:39.028016
2026-09-09,VIX,16.459999084472656,2026-10-05T13:45:39.028016
2026-09-10,DXY,99.08999633789062,2026-10-05T13:45:39.028016
2026-09-10,GOLD,4407.2998046875,2026-10-05T13:45:39.028016
2026-09-10,OIL,102.4800033569336,2026-10-05T13:45:39.028016
2026-09-10,VIX,17.84000015258789,2026-10-05T13:45:39.028016
2026-09-11,DXY,99.12000274658203,2026-10-05T13:45:39.028016
2026-09-11,GOLD,4408.89990234375,2026-10-05T13:45:39.028016
2026-09-11,OIL,100.05000305175781,2026-10-05T13:45:39.028016
2026-09-11,VIX,15.84000015258789,2026-10-05T13:45:39.028016
2026-09-14,DXY,99.45999908447266,2026-10-05T13:45:39.028016
2026-09-14,GOLD,4351.89990234375,2026-10-05T13:45:39.028016
2026-09-14,OIL,101.38999938964844,2026-10-05T13:45:39.028016
2026-09-14,VIX,17.100000381469727,2026-10-05T13:45:39.028016
2026-09-15,DXY,99.6500015258789,2026-10-05T13:45:39.028016
2026-09-15,GOLD,4332.7998046875,2026-10-05T13:45:39.028016
2026-09-15,OIL,105.83000183105469,2026-10-05T13:45:39.028016
2026-09-15,VIX,17.200000762939453,2026-10-05T13:45:39.028016
2026-09-16,DXY,100.30999755859375,2026-10-05T13:45:39.028016
2026-09-16,GOLD,4387.5,2026-10-05T13:45:39.028016
2026-09-16,OIL,102.43000030517578,2026-10-05T13:45:39.028016
2026-09-16,VIX,17.709999084472656,2026-10-05T13:45:39.028016
2026-09-17,DXY,100.22000122070312,2026-10-05T13:45:39.028016
2026-09-17,GOLD,4399.7001953125,2026-10-05T13:45:39.028016
2026-09-17,OIL,101.91000366210938,2026-10-05T13:45:39.028016
2026-09-17,VIX,15.4399995803833,2026-10-05T13:45:39.028016
2026-09-18,DXY,100.22000122070312,2026-10-05T13:45:39.028016
2026-09-18,GOLD,4424.89990234375,2026-10-05T13:45:39.028016
2026-09-18,OIL,100.30000305175781,2026-10-05T13:45:39.028016
2026-09-18,VIX,14.8100004196167,2026-10-05T13:45:39.028016
2026-09-21,DXY,100.43000030517578,2026-10-05T13:45:39.028016
2026-09-21,GOLD,4383.89990234375,2026-10-05T13:45:39.028016
2026-09-21,OIL,95.77999877929688,2026-10-05T13:45:39.028016
2026-09-21,VIX,14.869999885559082,2026-10-05T13:45:39.028016
2026-09-22,DXY,100.5999984741211,2026-10-05T13:45:39.028016
2026-09-22,GOLD,4376.39990234375,2026-10-05T13:45:39.028016
2026-09-22,OIL,94.58999633789062,2026-10-05T13:45:39.028016
2026-09-22,VIX,14.210000038146973,2026-10-05T13:45:39.028016
2026-09-23,DXY,101.0999984741211,2026-10-05T13:45:39.028016
2026-09-23,GOLD,4318.39990234375,2026-10-05T13:45:39.028016
2026-09-23,OIL,92.16000366210938,2026-10-05T13:45:39.028016
2026-09-23,VIX,15.180000305175781,2026-10-05T13:45:39.028016
2026-09-24,DXY,101.29000091552734,2026-10-05T13:45:39.028016
2026-09-24,GOLD,4298.0,2026-10-05T13:45:39.028016
2026-09-24,OIL,94.61000061035156,2026-10-05T13:45:39.028016
2026-09-24,VIX,15.670000076293945,2026-10-05T13:45:39.028016
2026-09-25,DXY,100.97000122070312,2026-10-05T13:45:39.028016
2026-09-25,GOLD,4321.2001953125,2026-10-05T13:45:39.028016
2026-09-25,OIL,92.41000366210938,2026-10-05T13:45:39.028016
2026-09-25,VIX,14.869999885559082,2026-10-05T13:45:39.028016
2026-09-28,DXY,101.19999694824219,2026-10-05T13:45:39.028016
2026-09-28,GOLD,4168.39990234375,2026-10-05T13:45:39.028016
2026-09-28,OIL,92.5999984741211,2026-10-05T13:45:39.028016
2026-09-28,VIX,16.06999969482422,2026-10-05T13:45:39.028016
2026-09-29,DXY,101.37000274658203,2026-10-05T13:45:39.028016
2026-09-29,GOLD,4179.7001953125,2026-10-05T13:45:39.028016
2026-09-29,OIL,89.37999725341797,2026-10-05T13:45:39.028016
2026-09-29,VIX,16.040000915527344,2026-10-05T13:45:39.028016
2026-09-30,DXY,101.44999694824219,2026-10-05T13:45:39.028016
2026-09-30,GOLD,4186.7001953125,2026-10-05T13:45:39.028016
2026-09-30,OIL,90.41999816894531,2026-10-05T13:45:39.028016
2026-09-30,VIX,16.34000015258789,2026-10-05T13:45:39.028016
2026-10-01,DXY,102.0999984741211,2026-10-05T13:45:39.028016
2026-10-01,GOLD,4202.2998046875,2026-10-05T13:45:39.028016
2026-10-01,OIL,92.87000274658203,2026-10-05T13:45:39.028016
2026-10-01,VIX,16.389999389648438,2026-10-05T13:45:39.028016
2026-10-02,DXY,101.93000030517578,2026-10-05T13:45:39.028016
2026-10-02,GOLD,4162.2998046875,2026-10-05T13:45:39.028016
2026-10-02,OIL,91.11000061035156,2026-10-05T13:45:39.028016
2026-10-02,VIX,15.3100004196167,2026-10-05T13:45:39.028016
2026-10-05,DXY,102.31900024414062,2026-10-05T13:45:39.028016
2026-10-05,GOLD,4174.7001953125,2026-10-05T13:45:39.028016
2026-10-05,OIL,89.72000122070312,2026-10-05T13:45:39.028016
2026-10-05,VIX,16.020000457763672,2026-10-05T13:45:39.028016
